-- phpMyAdmin SQL Dump
-- version 4.8.0.1
-- https://www.phpmyadmin.net/
--
-- Host: 127.0.0.1
-- Generation Time: Apr 23, 2022 at 05:21 AM
-- Server version: 10.1.32-MariaDB
-- PHP Version: 5.6.36

SET SQL_MODE = "NO_AUTO_VALUE_ON_ZERO";
SET AUTOCOMMIT = 0;
START TRANSACTION;
SET time_zone = "+00:00";


/*!40101 SET @OLD_CHARACTER_SET_CLIENT=@@CHARACTER_SET_CLIENT */;
/*!40101 SET @OLD_CHARACTER_SET_RESULTS=@@CHARACTER_SET_RESULTS */;
/*!40101 SET @OLD_COLLATION_CONNECTION=@@COLLATION_CONNECTION */;
/*!40101 SET NAMES utf8mb4 */;

--
-- Database: `wbperusahaanv1`
--

-- --------------------------------------------------------

--
-- Table structure for table `agenda`
--

CREATE TABLE `agenda` (
  `id_agenda` int(5) NOT NULL,
  `tema` varchar(100) COLLATE latin1_general_ci NOT NULL,
  `tema_seo` varchar(100) COLLATE latin1_general_ci NOT NULL,
  `isi_agenda` text COLLATE latin1_general_ci NOT NULL,
  `tempat` varchar(100) COLLATE latin1_general_ci NOT NULL,
  `pengirim` varchar(100) COLLATE latin1_general_ci NOT NULL,
  `gambar` varchar(100) COLLATE latin1_general_ci NOT NULL,
  `tgl_mulai` date NOT NULL,
  `tgl_selesai` date NOT NULL,
  `tgl_posting` date NOT NULL,
  `jam` varchar(50) COLLATE latin1_general_ci NOT NULL,
  `dibaca` int(5) NOT NULL DEFAULT '1',
  `username` varchar(50) COLLATE latin1_general_ci NOT NULL
) ENGINE=MyISAM DEFAULT CHARSET=latin1 COLLATE=latin1_general_ci;

--
-- Dumping data for table `agenda`
--

INSERT INTO `agenda` (`id_agenda`, `tema`, `tema_seo`, `isi_agenda`, `tempat`, `pengirim`, `gambar`, `tgl_mulai`, `tgl_selesai`, `tgl_posting`, `jam`, `dibaca`, `username`) VALUES
(64, 'Porseni PGRI Ke 7', 'porseni-pgri-ke-7', '<p>Oktober tahun 2022 akan menjadi saksi terlaksanya porseni PGRI Luwu Utara yang ke 7, bertempat di Kecamatan Sabbang Sealatan. Kegiatan ini di ikuti oleh seluruh pengurus dan atlet Cabang PGRI se Luwu Utara.&nbsp;</p>\r\n', 'Kecamatan Sabangg Selatan', '', 'porseni.jpg', '2022-10-11', '2022-10-18', '2022-04-17', '--', 103, 'admin');

-- --------------------------------------------------------

--
-- Table structure for table `album`
--

CREATE TABLE `album` (
  `id_album` int(5) NOT NULL,
  `jdl_album` varchar(100) COLLATE latin1_general_ci NOT NULL,
  `album_seo` varchar(100) COLLATE latin1_general_ci NOT NULL,
  `keterangan` text COLLATE latin1_general_ci NOT NULL,
  `gbr_album` varchar(100) COLLATE latin1_general_ci NOT NULL,
  `aktif` enum('Y','N') COLLATE latin1_general_ci NOT NULL DEFAULT 'Y',
  `hits_album` int(5) NOT NULL DEFAULT '1',
  `tgl_posting` date NOT NULL,
  `jam` time NOT NULL,
  `hari` varchar(20) COLLATE latin1_general_ci NOT NULL,
  `username` varchar(50) COLLATE latin1_general_ci NOT NULL
) ENGINE=MyISAM DEFAULT CHARSET=latin1 COLLATE=latin1_general_ci;

--
-- Dumping data for table `album`
--

INSERT INTO `album` (`id_album`, `jdl_album`, `album_seo`, `keterangan`, `gbr_album`, `aktif`, `hits_album`, `tgl_posting`, `jam`, `hari`, `username`) VALUES
(30, 'Konser Kantata Barock 2011', 'konser-kantata-barock-2011', 'Para macan tua yang digawangi Iwan Fals, Setiawan Djody dan Sawung Jabo di Stadion Gelora Bung Karno, Jakarta,\r\nJumat (30/12) malam. Kantata kembali membawakan lagu-lagu legendarisnya\r\nsetelah 21 tahun vakum dari dunia musik.\r\n<div style=\"overflow: hidden; color: #000000; background-color: #ffffff; text-align: left; text-decoration: none; border: medium none\">\r\n<br />\r\n</div>\r\n', '4520kantata_barock.jpg', 'Y', 73, '2012-08-20', '09:12:06', 'Senin', 'admin'),
(31, 'Festival Seni Terbesar di Dunia', 'festival-seni-terbesar-di-dunia', '', '13festival_seni.jpg', 'Y', 9, '2012-08-20', '09:40:01', 'Senin', 'admin'),
(28, 'Murah Meriah di Pasar Asemka', 'murah-meriah-di-pasar-asemka', 'Pasar Asemka, Jakarta, merupakan pasar grosir yang banyak menyediakan berbagai aksesoris seperti kalung, cincin, Souvenir pernakahan, dan lainnya. Di Pasara Asemka anda akan dimanjakan dengan beragam barang yang dibandrol dengan harga murah meriah dan biasanya dijual grosiran. \r\n', '18asemka.jpg', 'Y', 41, '2012-08-18', '23:14:05', 'Sabtu', 'admin'),
(29, 'Karpet Raksasa dari Bunga', 'karpet-raksasa-dari-bunga', 'Belgia sedang memperingati peristiwa tahunan &quot;La Fete De La Fleur&quot; atau pesta bunga di bulan Agustus. Ahli bunga merancang karpet raksasa dari bunga di depan Grand Place di Brussel. Karpet ini dibuat menggunakan 700 ribu bunga.\r\n', '92bungaraksasa2.jpg', 'Y', 55, '2012-08-19', '03:02:27', 'Minggu', 'admin'),
(50, 'CMS Swarakalibata Ci Developer Team', 'cms-swarakalibata-ci-developer-team', '<p>CodeIgniter atau sering disebut dengan sebutan CI adalah salah satu framework MVC PHP yang sangat populer di dunia web programming. CodeIgniter adalah salah satu framework PHP yang ringan dan berusia hampir 10 tahun (dirilis pada tahun 2006) dan menjadi salah satu framework yang popular di Indonesia.<br />\r\n<br />\r\nPada Swarakalibata Versi Codeigniter tidak ada perubahan pada struktur database dan folder, jadi anda tidak perlu repot-repot unutk migrasi ke Swarakalibata versi Codeigniter. anda masih bisa menggunakan database yang lama tanpa perlu takut data-data pada web yang lama akan hilang. dan untuk template kita masih menggunakan template dari versi sebelumnya yaitu alegro Responsive Template dari orange-themes karena memang template ini sangat banyak sekali peminatnya dan untuk pilihan warna terdiri dari Red, Green, Blue, Orange, Purple, Pink, Tosca and Black. untuk template admin kita menggunakan adminLTE Responsive, juga pada swarakalibata versi Codeigniter untuk keamanannya pun jauh lebih baik dari versi Native.</p>\r\n', 'swarakalibata.jpg', 'Y', 7, '2017-05-20', '23:46:54', 'Sabtu', 'admin');

-- --------------------------------------------------------

--
-- Table structure for table `background`
--

CREATE TABLE `background` (
  `id_background` int(5) NOT NULL,
  `gambar` varchar(255) NOT NULL
) ENGINE=MyISAM DEFAULT CHARSET=latin1;

--
-- Dumping data for table `background`
--

INSERT INTO `background` (`id_background`, `gambar`) VALUES
(1, 'red');

-- --------------------------------------------------------

--
-- Table structure for table `banner`
--

CREATE TABLE `banner` (
  `id_banner` int(5) NOT NULL,
  `judul` varchar(100) COLLATE latin1_general_ci NOT NULL,
  `url` varchar(100) COLLATE latin1_general_ci NOT NULL,
  `gambar` varchar(100) COLLATE latin1_general_ci NOT NULL,
  `tgl_posting` date NOT NULL,
  `deskripsi` text COLLATE latin1_general_ci
) ENGINE=MyISAM DEFAULT CHARSET=latin1 COLLATE=latin1_general_ci;

--
-- Dumping data for table `banner`
--

INSERT INTO `banner` (`id_banner`, `judul`, `url`, `gambar`, `tgl_posting`, `deskripsi`) VALUES
(21, 'Perjuangan', 'http://www.lokomedia.web.id', 'perjuangan.jpg', '2022-04-17', 'Berjuang tanpa henti dalam perlindungan guru dan memastikan hak-haknya terpenuhi'),
(22, 'Mandiri dan Professional', 'http://www.lokomedia.web.id', 'mandiri.png', '2022-04-17', 'Organisasi PGRI Mandiri dan independen menjalankan kegiatan organisasi sehingga fokus pada  tujuan  organisasi tanpa tergantung pihak lain.'),
(23, 'Organisasi  Profesi', 'http://www.lokomedia.web.id', 'profesi.png', '2022-04-17', 'Berorientasi pada kepentingan  dan kebutuhan anggota proesi dalam memajukan pendidikan');

-- --------------------------------------------------------

--
-- Table structure for table `berita`
--

CREATE TABLE `berita` (
  `id_berita` int(5) NOT NULL,
  `id_kategori` int(5) NOT NULL,
  `username` varchar(30) COLLATE latin1_general_ci NOT NULL,
  `judul` varchar(100) COLLATE latin1_general_ci NOT NULL,
  `sub_judul` varchar(255) COLLATE latin1_general_ci NOT NULL,
  `youtube` varchar(100) COLLATE latin1_general_ci NOT NULL,
  `judul_seo` varchar(100) COLLATE latin1_general_ci NOT NULL,
  `headline` enum('Y','N') COLLATE latin1_general_ci NOT NULL DEFAULT 'Y',
  `aktif` enum('Y','N') COLLATE latin1_general_ci NOT NULL DEFAULT 'N',
  `utama` enum('Y','N') COLLATE latin1_general_ci NOT NULL DEFAULT 'Y',
  `isi_berita` longtext CHARACTER SET latin1 NOT NULL,
  `keterangan_gambar` text COLLATE latin1_general_ci NOT NULL,
  `hari` varchar(20) COLLATE latin1_general_ci NOT NULL,
  `tanggal` date NOT NULL,
  `jam` time NOT NULL,
  `gambar` varchar(100) COLLATE latin1_general_ci NOT NULL,
  `dibaca` int(5) NOT NULL DEFAULT '1',
  `tag` varchar(100) COLLATE latin1_general_ci NOT NULL,
  `status` enum('Y','N') COLLATE latin1_general_ci NOT NULL DEFAULT 'Y'
) ENGINE=MyISAM DEFAULT CHARSET=latin1 COLLATE=latin1_general_ci;

--
-- Dumping data for table `berita`
--

INSERT INTO `berita` (`id_berita`, `id_kategori`, `username`, `judul`, `sub_judul`, `youtube`, `judul_seo`, `headline`, `aktif`, `utama`, `isi_berita`, `keterangan_gambar`, `hari`, `tanggal`, `jam`, `gambar`, `dibaca`, `tag`, `status`) VALUES
(608, 19, 'admin', 'Bos Amazon Temukan Mesin Apollo 11', '', 'http://www.youtube.com/embed/mxMiN9iYlkQ', 'bos-amazon-temukan-mesin-apollo-11', 'N', 'N', 'N', 'Jeff Bezos, pendiri retailer online terbesar Amazon, mengumumkan bahwa ia dan timnya telah menemukan 5 mesin Apollo 11 yang jatuh pada tahun 1969 di Samudera Atlantik.<br />\r\n<br />\r\nKini, Jeff Bezos merencanakan untuk mengangkat satu atau dua dari mesin tersebut ke permukaan untuk kemudian dipamerkan di Museum Penerbangan di kampung halamannya, Seattle. Sebelumnya, Jeff Bezos akan meminta izin terlebih dahulu kepada Nasa selaku pemilik dari Apollo 11.<br />\r\n<br />\r\nSeluruh biaya yang diperlukan dalam ekspedisi dan pengangkatan mesin Apollo 11 akan ditanggung oleh Jeff Bezos sendiri. Sementara itu, Nasa menyatakan akan menunggu kabar lebih lanjut tentang penemuan oleh tim Jeff Bezos tersebut.<br />\r\n<br />\r\nMesin berkekuatan 32 juta tenaga kuda (hp) yang mampu membakar 6.000 pon kerosin dan oksigen cair per detik tersebut telah membawa Apollo 11 mendarat dengan sukses di bulan pada tahun 1969. Namun dalam perjalanan kembali ke bumi, mesin tersebut terbakar hingga terjatuh di Samudera Atlantik dan belum ditemukan hingga akhirnya Jeff Bezos mengumumkan berita ini.\r\n', '', 'Senin', '2012-11-19', '04:51:31', '16JeffBezos.jpg', 72, 'internasional', 'Y'),
(611, 21, 'admin', 'Duel Swiss di Semifinal Cincinnati Masters', 'Tenis Cincinnati Masters 2012', '', 'duel-swiss-di-semifinal-cincinnati-masters', 'N', 'N', 'N', 'Cincinnati - Dua petenis asal Swiss berhasil mengempaskan lawan-lawannya dan akan bertemu di semifinal Cincinnati Masters. Stanislas Wawrinka sukses membungkam petenis Kanada, Milos Raonic, sementara Roger Federer berhasil menumbangkan Mardy Fish.<br />\r\n&nbsp;<br />\r\nWawrinka mengalahkan Raonic dengan pertarungan sengit. Bahkan sebelumnya, petenis 27 tahun tersebut sempat tertinggal di set pertama. Pada set awal tersebut, Wawrinka takluk 2-6.<br />\r\n&nbsp;<br />\r\nNamun pada set kedua, Wawrinka mampu mengendalikan permainan, dia mampu mengembalikan dengan baik pukulan keras dari Raonic. Hingga akhirnya sukses merebut set kedua ini dengan skor 7-6.<br />\r\n&nbsp;<br />\r\nSetelah berhasil menyamakan keadaan, Wawrinka terus mendominasi dan mengakhiri perlawanan Raonic dengan skor akhir di set ketiga 6-4. &ldquo;Saya bermain hebat setelah menjalani dua bulan yang menyulitkan,&rdquo; ujar Wawrinka, seperti disitat Yahoo Sports, Sabtu (18/8/2012).<br />\r\n&nbsp;<br />\r\nNantinya di babak semifinal, Wawrinka bakal menghadapi rekan senegaranya, Federer yang menghentikan langkah Fish dengan skor 6-3 7-6. Dengan gugurnya Fish atas Federer, maka tak ada satu pun petenis Amerika yang berpeluang menjadi juara di kandang sendiri.<br />\r\n', 'Stanislas Wawrinka.\r\n', 'Minggu', '2012-08-19', '05:22:25', '46Stanislas-Wawrinka.jpg', 16, 'olahraga', 'Y'),
(612, 19, 'admin', 'Google Pakai Motorola untuk Gugat Apple', '', '', 'google-pakai-motorola-untuk-gugat-apple', 'N', 'N', 'N', 'Jakarta - Perang gugatan antara para produsen smartphone belum menunjukkan tanda berakhir. Yang terbaru, Motorola menuding Apple melanggar tujuh patennya.<br />\r\n<br />\r\nVendor ponsel yang diakuisisi Google pun meminta pihak berwewenang untuk memblokir impor iPhone, iPad dan komputer Mac. Perangkat-perangkat tersebut diminta dilarang beredar di Amerika Serikat.<br />\r\n<br />\r\nKomplain Motorola didaftarkan ke lembaga International Trade Comission (ITC). Paten yang dipermasalahkan terkait location reminders, notifikasi email, pemutar video dan sebagainya.<br />\r\n<br />\r\n&quot;Kami ingin menyelesaikan persoalan paten tersebut, namun ketidakmauan Apple untuk melisensinya membuat kami tidak punya pilihan selain mempertahankan inovasi kami,&quot; demikian pernyataan Motorola yang TerasJakarta kutip dari DigitalTrends, Minggu (19/8/2012).<br />\r\n<br />\r\nHal ini dinilai sebagai perang antara Google dan Apple, dengan Google menggunakan paten Motorola untuk menyerang Apple. Terlebih lagi, Apple banyak memperkarakan vendor Android seperti Samsung dan juga Motorola sendiri.\r\n', '', 'Senin', '2012-08-20', '04:49:48', '7google_motorola.jpg', 15, 'teknologi', 'Y'),
(610, 21, 'admin', 'Max Biaggi Bantah ke Ducati Musim Depan ', '', '', 'max-biaggi-bantah-ke-ducati-musim-depan-', 'N', 'N', 'Y', 'Roma- Mantan pembalap MotoGP Max Biaggi tengah menikmati kariernya di World Super Bike (WSBK). Terlebih, pencapaiannya di musim ini cukup membuatnya bahagia.<br />\r\n<br />\r\nBiaggi masih memimpin di puncak klasemen WSBK musim ini dengan 272 poin. Hasil ini membuatnya semakin bersemangat untuk menorehkan lagi prestasi juara seperti yang ditorehkannya pada 2010.<br />\r\n<br />\r\nSituasi seperti itu, semakin membuat The Roman Emperor, julukan Biaggi, nyaman membela timnya Aprilia. Makanya, saat disinggung masalah isu kepindahannya ke Ducati musim depan, Biaggi buru-buru membantah. Dia menegaskan ingin mengakhiri kariernya bersama Aprilia.<br />\r\n<br />\r\nSetelah empat tahun melanglang buana di ajang MotoGP dengan prestasi terbaik menjadi runner-up pada musim pertamanya bersama Yamaha, Biaggi memutuskan hengkang pada 2005. Dua tahun berikutnya, pembalap kelahiran Juni 1971 ini terjun ke arena WSBK.<br />\r\n<br />\r\nSebelum berlabuh di Aprilia, Biaggi lebih dulu bergabung dengan Suzuki di tahun pertamanya, dan setahun berikutnya ke Ducati sebelum akhirnya melompat ke Aprilia pada 2009.\r\n', 'Max Biaggi.\r\n', 'Minggu', '2012-08-19', '05:13:20', '6max_biaggi.jpg', 18, 'olahraga', 'Y'),
(691, 61, 'admin', 'PGRI Salurkan Bantuan Rp20 Juta untuk PMI Luwu Utara', 'Pihak PGRI Lutra menyerahkan bantuan Rp20 juta kepada Ketua PMI Lutra yang juga Bupati Lutra', '', 'pgri-salurkan-bantuan-rp20-juta-untuk-pmi-luwu-utara', 'Y', 'Y', 'Y', '<p><strong>MASAMBA</strong>&nbsp;- Persatuan Guru Republik Indonesia (PGRI) Kabupaten Luwu Utara (Lutra) menyalurkan bantuan Rp20 juta untuk Palang Merah Indonesia (PMI) setempat. Bantuan itu diberikan demi percepatan penanganan virus corona alias covid-19.<br />\r\n<br />\r\nBantuan itu diterima langsung oleh Bupati Lutra yang juga Ketua Gugus Tugas Covid-19 Lutra, Indah Putri Indriani, di ruang kerjanya pada Kamis (23/4/2020).<br />\r\n<br />\r\nPembina PGRI Lutra, Jasrum, menyampaikan bantuan ini diberikan dalam rangka membantu percepatan penanganan covid-19. Bantuan itu juga sebagai wujud kepedulian PGRI terhadap wabah covid-19 yang sudah ditetapkan sebagai bencana nasional.</p>\r\n', '', 'Selasa', '2022-04-19', '15:40:25', 'pgri-salurkan-bantuan-rp20-juta-untuk-pmi-luwu-utara-bih.jpg', 1, 'berita-guru', 'Y'),
(692, 61, 'admin', 'Konferensi Pertama dan Workshop IGTKI-PGRI Luwu Utara', '', '', 'konferensi-pertama-dan-workshop-igtkipgri-luwu-utara', 'Y', 'Y', 'Y', '<p>Luwu Utara &ndash; Ketua IGTKI&nbsp;<a href=\"https://luwuutarakab.go.id/\">Kabupaten Luwu Utara</a>&nbsp;Sulawesi Selatan Wahyuni Hamarong membuka Konferensi Ikatan Guru Taman Kanak-Kanak Persatuan Guru Republik Indonesia (PGRI) di Aula Dinas Pendidikan dan Kebudayaan, Sabtu (26/03/22).</p>\r\n\r\n<p>Wahyuni Hamarong dalam sambutan mengatakan bahwa, Konferensi Pertama IGTKI&ndash;PGRI Kabupaten Luwu Utara dirangkaikan Workshop yang bertemakan &ldquo;Implementasi Pembelajaran Proyek Dalam Rangka Pemulihan Pembelajaran Berbasis Kurikulum Merdeka.&rdquo; ini merupakan kesempatan yang baik bagi seluruh pengurus dan anggota IGTKI-PGRI di Bumi Lamaranginang julukan Kabupaten Luwu Utara, untuk melakukan kegiatan organisasi dan menyusun program kerja kedepannya.</p>\r\n', '', 'Selasa', '2022-04-19', '15:47:35', 'iktki.png', 3, 'berita-guru', 'Y'),
(690, 61, 'admin', 'PGRI Luwu Utara Dapat Pujian dari Bupati Indah Putri Indriani', 'upati Luwu Utara, Indah Putri Indriani Konferensi Kerja Kabupaten (Konkerkab) Pertama Persatuan Guru Republik Indonesia (PGRI) Luwu Utara di Aula Kantor Dinas Pendidikan, Sabtu (4/7/2020).', '', 'pgri-luwu-utara-dapat-pujian-dari-bupati-indah-putri-indriani', 'Y', 'Y', 'Y', '<p>Konferensi Kerja Kabupaten (Konkerkab) Pertama Persatuan Guru Republik Indonesia (PGRI) Luwu Utara berlangsung di Aula Kantor Dinas Pendidikan, Sabtu (4/7/2020).</p>\r\n\r\n<p>Konkerkab dibuka Bupati Luwu Utara&nbsp;<a href=\"https://makassar.tribunnews.com/tag/indah-putri-indriani\" title=\"Indah Putri Indriani\">Indah&nbsp;Putri&nbsp;Indriani</a>.<br />\r\n<br />\r\nIndah dalam sambutannya mengapresiasi pelaksanaan&nbsp;<a href=\"https://makassar.tribunnews.com/tag/konkerkab\" title=\"Konkerkab\">Konkerkab</a>&nbsp;PGRI.</p>\r\n\r\n<p>Setelah PGRI mengangkat tema &quot;Literasi Digital dalam Upaya Peningkatan Penguasaan Teknologi Informasi Guru Luwu Utara Menuju Society 5.0&quot; pada&nbsp;<a href=\"https://makassar.tribunnews.com/tag/konkerkab\" title=\"Konkerkab\">Konkerkab</a>&nbsp;tersebut.</p>\r\n\r\n<p><br />\r\n<br />\r\n&nbsp;</p>\r\n', '', 'Selasa', '2022-04-19', '15:37:21', 'Bupati.png', 0, 'berita-guru', 'Y'),
(603, 19, 'admin', '4 Teknologi yang Bakal Bertahan Sampai 2030', '', '', '4-teknologi-yang-bakal-bertahan-sampai-2030', 'Y', 'Y', 'N', 'Perkembangan teknologi telah mengantarkan berbagai perangkat yang lebih kecil, cepat dan tangguh ke dalam genggaman tangan. Ada juga yang telah ditinggalkan atau digantikan teknologi lain, seperti sebuah floppy disk. &nbsp;<br />\r\nSelain teknologi yang ditiggalkan, ada juga beberapa teknologi yang diprediksi akan tetap bertahan sampai puluhan tahun ke depan. Seperti dilansir Live Science, Sabtu (18/8/2012), berikut empat teknologi yang diprediksi akan bertahan sampai 2030.<br />\r\n<br />\r\n<strong>1. Papan Ketik QWERTY</strong><br />\r\nTeknologi untuk melakukan input telah semakin banyak, ada voice recognition, handwriting recognition dan gesture control. Ini diperkiraka akan semakin akurat dan populer dalam dua dekade ke depan. Namun, sampai nanti ditemukan cara input teks menggunakan kendali pikiran, metode mengetik akan tetap sebuah metode menyusun teks yang paling akurat.<br />\r\nKehadiran papan ketik di tablet dan telefon genggam memang semakin terancam, namun layout QWERTY yang sejak dulu digunakan akan terus hidup.<br />\r\n<br />\r\n<strong>2. PC</strong><br />\r\nBeberapa orang berpendapat kita sedang memasuki zaman pasca PC. Pasalnya kini orang semakin sering menghabiskan waktu menggunakan smartphone dan tablet ketimbang menggunakan komputer desktop tradisional berbasis Windows atau Mac.<br />\r\nNamun di sisi lain, ketika sudah waktunya menggarap pekerjaan yang benar-benar serius, terutama yang melibatkan multitasking, PC masih merupakan perangkat yang&nbsp; paling bisa diandalkan.<br />\r\n&nbsp;<br />\r\nPada 2030, ukuran serta bentuk PC mungkin akan berubah. Beberapa orang bahkan berpendapat bahwa dengan adanya prosesor berotak empat, telefon genggam dan tablet menjelma menjadi PC. Tetap saja, apapun faktor yang mempengaruhi, pengguna yang fokus pada produktivitas akan membutuhkan sebuah komputer utama dengan kemampuan proses yang tinggi dan sanggup multitasking.<br />\r\n&nbsp;<br />\r\n<strong>3. USB Ports</strong><br />\r\nSekarang telah lebih dari 15 tahun sejak USB pertama kali diperkenalkan dan kita akan sulit membayangkan hidup tanpa USB. Ini hampir menjadi sebuah standar untuk membuat Anda bisa menransfer data dan menghubungkan dengan berbagai hal seperti papan ketik atau harddisk eksternal. Beberapa orang berpendapat bahwa standar seperti Thunderbolt dari Intel akan menandingi USB, tapi mereka tidak memiliki dasar instalasi untuk menandingi USB. Standar ini diprediksi akan semakin berkembang ke depannya.<br />\r\n<strong><br />\r\n4. Uang Tunai</strong><br />\r\nAda beberapa perdebatan mengenai apakah kartu kredit dan debit akan sepenuhnya digantikan oleh sistem pembayaran mobile dalam beberapa tahun ke depan. Walau bagaimanapun, uang tunai tampaknya akan tetap dibawa meski pada 2030.<br />\r\n&nbsp;<br />\r\nPasalnya di era informasi ini, membayar dengan uang tunai adalah cara terbaik untuk membuat pembelian yang Anda lakukan tetap anonim dan pribadi. Selain itu, uang kertas memiliki perlindungan terbaik dalam melawan pencuri indentitas karena orang yang menerima pembayaran tidak harus mengetahui nama Anda.\r\n', '', 'Sabtu', '2012-11-17', '03:27:34', '5technology-gadgets.jpg', 20, 'teknologi', 'Y'),
(604, 19, 'admin', 'Usai China, Indonesia Tuan Rumah Miss World 2013', '', '', 'usai-china-indonesia-tuan-rumah-miss-world-2013', 'Y', 'N', 'N', 'Masyarakat Indonesia pantas bahagia dua kali lipat saat penyelenggaraan final Miss World 2012. Bukan saja prestasi Ines Putri yang masuk dalam jajaran 15 besar, tetapi Indonesia juga diumumkan menjadi lokasi penyelenggaraan Miss World 2013.<br />\r\n&nbsp;<br />\r\nAjang Miss World 2012 di Ordos, Mongolia, China, berlangsung sukses. Diikuti 116 finalis dari seantero dunia, Miss World yang diselenggarakan ke-62 tahun ini akhirnya mendaulat Wenxia Yu sebagai Miss World 2012.<br />\r\n<br />\r\nSelama setahun, wakil dari Republik Rakyat China ini akan berkeliling dunia dan menjalankan misi sosial dalam program yang dikemas secara baik bernama Beauty with a Purpose.<br />\r\n<br />\r\nAdapun masa tugas terakhir dari pemilik tinggi badan 177 sentimeter ini akan dilakukan saat penyelenggaraan Miss World 2013 di Indonesia. Dan, kepastian soal lokasi penyelenggaraan Miss World dilakukan secara simbolis saat malam final Miss World 2012. Saat itu, Nana Putra, Managing Director MNC Group menerima bendera Miss World.<br />\r\n<br />\r\nRencananya, Miss World 2013 diselenggarakan September dengan mengambil lokasi karantina di Bali. Sementara itu, Jakarta sebagai Ibu Kota Indonesia dipilih menjadi lokasi malam final Miss World 2013.<br />\r\n<br />\r\n&ldquo;Jakarta akan menjadi tuan rumah malam final Miss World 2013. Namun tepatnya di mana lokasi tersebut, kami belum bisa memastikan,&rdquo; tutur Kanti Mirdiati kepada Okezone di Blacksteer Lounge, Belleza Shopping Arcades, Permata Hijau, Jakarta, belum lama ini.<br />\r\n<br />\r\nProject Director Miss Indonesia &amp; Managing Director RCTI ini pun menjelaskan alasan Jakarta dipilih sebagai lokasi malam final Miss World 2013.<br />\r\n<br />\r\n&ldquo;Ini merupakan bagian dari upaya memperkenalkan Jakarta dan Indonesia sendiri ke mata dunia. Kebanyakan orang luar negeri tahu Bali, tapi tidak tahu kalau Bali ada di Indonesia. Mereka mengira bahwa Bali itu sebuah negara,&rdquo; ucap wanita ramah ini.\r\n', '', 'Minggu', '2012-08-19', '03:37:05', '85missworld.jpg', 25, 'internasional', 'Y'),
(605, 39, 'admin', 'Memalukan! Bu Guru di AS Bercinta dengan 4 Muridnya ', 'Didakwa Penyimpangan Seks', '', 'memalukan-bu-guru-di-as-bercinta-dengan-4-muridnya-', 'Y', 'N', 'N', 'Texas - Memalukan! Seorang guru SMA di Amerika Serikat diadili karena berhubungan seks dengan empat muridnya sementara murid kelima merekam aksi mesum tersebut.<br />\r\n<br />\r\nWanita bernama Brittni Colleps tersebut dikenai sejumlah dakwaan, termasuk seks menyimpang dan hubungan tidak pantas antara pendidik dan pelajar.<br />\r\n<br />\r\nWanita berumur 28 tahun itu tadinya merupakan guru Bahasa Inggris di SMA Fort Worth, Texas. Di persidangan yang digelar hari ini seperti dilansir MyFoxDFW.com, Kamis (16/8/2012), terungkap bahwa terdakwa yang telah memiliki tiga anak itu, menggunakan pesan-pesan SMS untuk mendekati kelima pelajar putra tersebut.<br />\r\n<br />\r\nSalah seorang remaja mengaku, dia dan Colleps berkirim 100 SMS dalam satu hari saat musim semi pada tahun 2010. Pesan-pesan itu kemudian kian menjadi-jadi sehingga akhirnya mereka sepakat untuk bertemu guna bercinta.<br />\r\n<br />\r\n&quot;Dia (Colleps) bilang dia mendambakan... bahwa saya punya sesuatu yang dia inginkan,&quot; kata remaja tersebut.<br />\r\n<br />\r\nDiungkapkan remaja laki-laki tersebut, dalam satu kesempatan, empat remaja berhubungan intim dengan bu guru yang telah dipecat tersebut. Para remaja tersebut sebenarnya sudah bisa digolongkan dewasa, namun hukum melindungi para pelajar dari hubungan dengan seseorang yang jabatannya lebih tinggi, dalam hal ini guru.<br />\r\n<br />\r\nSeorang remaja lainnya merekam adegan seks tersebut dengan video telepon genggamnya. Video tersebut diputar di persidangan.<br />\r\n<br />\r\nJika terbukti bersalah, Colleps terancam hukuman penjara maksimum 20 tahun. Suaminya, Christopher Colleps, seorang tentara AS, telah menegaskan bahwa dirinya akan terus mendukung istrinya dan bahwa mereka akan tetap mempertahankan rumah tangga mereka.\r\n', 'Brittni Colleps (foto:abc)\r\n', 'Minggu', '2012-08-19', '04:20:50', '97abc_brittni_colleps.jpg', 39, 'internasional', 'Y'),
(607, 39, 'admin', 'Moskow Larang Parade Gay Selama 100 Tahun', '', '', 'moskow-larang-parade-gay-selama-100-tahun', 'Y', 'Y', 'N', '<p>\r\nPengadilan di Moskow mengukuhkan keputusan untuk melarang parade homoseksual untuk seratus tahun ke depan.<br />\r\n<br />\r\nLangkah ini dilakukan menyusul upaya pegiat hak homoseksual Rusia, Nikolay Alexeyev untuk membatalkan keputusan pemerintah kota melarang parade.<br />\r\n<br />\r\nIa meminta hak melakukan parade selama 100 tahun ke depan.<br />\r\n<br />\r\nAlexeyev juga menentang larangan kota St Petersburgh untuk menyebarkan &quot;propaganda homoseksual.&quot;\r\n</p>\r\n<p>\r\nMahkamah hak asasi Eropa telah  meminta pemerintah Rusia untuk membayar kerugian kepada Alexeyev.\r\n</p>\r\n<p>\r\nAlexeyev mengatakan Jumat (17/08) ia akan kembali ke Mahkamah Eropa untuk meminta agar menetapkan bahwa larangan itu tidak adil.\r\n</p>\r\n<p>\r\nPemerintah kota Moskow menyatakan parade gay akan menimbulkan risiko gangguan ketertiban umum.\r\n</p>\r\n<p>\r\nPemkot juga mengatakan sebagian besar warga Moskow menentang kegiatan itu.\r\n</p>\r\n<p>\r\nBulan September lalu, Dewan Eropa -pengawasan \r\nHAM di Eropa- akan meneliti tanggapan Rusia atas keputusan Mahkamah \r\nEropa sebelumnya tentang hak gay, menurut media Rusia.\r\n</p>\r\n<p>\r\nBulan Oktober 2010, Mahkamah Eropa mengatakan Rusia melakukan diskriminasi terhadap Alexeyev karena orientasi seksualnya.\r\n</p>\r\n<p>\r\nMahkamah saat itu menangani larangan Moskow atas parade gay antara tahun 2006-2008.\r\n</p>\r\n', 'Nikolay Alexeye. \r\n', 'Sabtu', '2012-11-17', '04:43:57', '7Nikolay-Alexeyev.jpg', 37, 'internasional', 'Y');

-- --------------------------------------------------------

--
-- Table structure for table `download`
--

CREATE TABLE `download` (
  `id_download` int(5) NOT NULL,
  `judul` varchar(100) COLLATE latin1_general_ci NOT NULL,
  `nama_file` varchar(100) COLLATE latin1_general_ci NOT NULL,
  `tgl_posting` date NOT NULL,
  `hits` int(3) NOT NULL
) ENGINE=MyISAM DEFAULT CHARSET=latin1 COLLATE=latin1_general_ci;

--
-- Dumping data for table `download`
--

INSERT INTO `download` (`id_download`, `judul`, `nama_file`, `tgl_posting`, `hits`) VALUES
(11, 'Total Biaya Pembuatan Aplikasi Simpeg', 'Contoh_File_Download_1.txt', '2014-09-23', 8),
(12, 'Type atau Jenis Join di MySQL', 'Contoh_File_Download_1.txt', '2014-09-23', 68),
(13, 'Kegiatan Monev Tgl. 14-17 Oktober 2014 (SAKPA)', 'Contoh_File_Download_1.txt', '2014-09-23', 34),
(14, 'Pembayaran Tunjangan Remunerasi', 'Contoh_File_Download_1.txt', '2014-09-23', 24),
(15, 'Target PNBP Umum & PNBP Fungsional TA.2015', 'Contoh_File_Download_1.txt', '2014-09-23', 3),
(16, 'Pelaksanaan Disiplin Pasca Idul Fitri 1435', 'Contoh_File_Download_1.txt', '2014-09-23', 90),
(17, 'Kegiatan Akurasi Data Semester I TA. 2014', 'Contoh_File_Download_1.txt', '2014-09-23', 14),
(18, 'Rapat Koordinasi dan Konsultasi', 'Contoh_File_Download_1.txt', '2014-09-23', 5),
(19, 'Lomba dan Penilaian SIMPEG dan E-DOCu', 'Contoh_File_Download_1.txt', '2014-09-23', 90),
(20, 'Pemanggilan Peserta Bimtek Hakim Tahun 2014', 'Contoh_File_Download_1.txt', '2014-09-23', 33),
(21, 'Penyusunan PAGU Indikatif Tahun Anggaran 2015', 'Contoh_File_Download_1.txt', '2014-09-23', 57),
(22, 'Revisi Tata Cara Restore Backup SAKPA13 Audited', 'Contoh_File_Download_1.txt', '2014-09-23', 44),
(23, 'Penyusunan RKAKL Alokasi Anggaran DIPA (04)', 'Contoh_File_Download_1.txt', '2014-09-23', 24),
(24, 'Tindaklanjut Temuan Pemeriksaan BPK RI', 'Contoh_File_Download_1.txt', '2014-09-23', 12),
(25, 'Verifikasi Kewajaran Nilai Tanah SIMAK-BMN', 'Contoh_File_Download_1.txt', '2014-09-23', 3),
(26, 'Instruksi Ketua Umum IPASPI Pusat (new)', 'Contoh_File_Download_1.txt', '2014-09-23', 24),
(27, 'Relaas Perkara No.0081/Pdt.G/2013/PA.Stg', 'Contoh_File_Download_1.txt', '2014-09-23', 6),
(31, 'sdfdfsdf', 'lndex.php', '2017-01-27', 10),
(32, 'xxxx', 'lndex.php', '2017-10-11', 0);

-- --------------------------------------------------------

--
-- Table structure for table `gallery`
--

CREATE TABLE `gallery` (
  `id_gallery` int(5) NOT NULL,
  `id_album` int(5) NOT NULL,
  `username` varchar(50) COLLATE latin1_general_ci NOT NULL,
  `jdl_gallery` varchar(100) COLLATE latin1_general_ci NOT NULL,
  `gallery_seo` varchar(100) COLLATE latin1_general_ci NOT NULL,
  `keterangan` text COLLATE latin1_general_ci NOT NULL,
  `gbr_gallery` varchar(100) COLLATE latin1_general_ci NOT NULL
) ENGINE=MyISAM DEFAULT CHARSET=latin1 COLLATE=latin1_general_ci;

--
-- Dumping data for table `gallery`
--

INSERT INTO `gallery` (`id_gallery`, `id_album`, `username`, `jdl_gallery`, `gallery_seo`, `keterangan`, `gbr_gallery`) VALUES
(238, 30, 'admin', 'Lautan Penonton', 'lautan-penonton', 'Lebih kurang dari 50.000 penonton yang memadati Stadion Gelora Bung Karno menyaksikan aksi Kantata Barock.\r\n', '7kantata3.jpg'),
(237, 30, 'admin', 'Mengenang WS. Rendra', 'mengenang-ws-rendra', 'Konser didedikasikan buat salah satu anggota Kantata Takwa, WS. Rendra. Suasana kemeriahan para artis pendukung.\r\n', '44kantata4.jpg'),
(240, 31, 'admin', 'Doa Bersamaaa', 'doa-bersamaaa', '<p>Mengingat agresi yang militer yang dilancarkan Israel merupakan pelanggaran hukum humaniter internasional. Menyusul banyak warga sipil yang telah menjadi korban akibat pertempuran yang dilakukan Israel dan Hamas. Sebelumnya, Sekretaris Jendral Perserikatan Bangsa - Bangsa (PBB) Ban Ki-moon dan Menteri Luar Negeri Amerika Serikat (AS) John Kerry melakukan pertemuan di Kairo, Mesir. Pertemuan di bertujuan untuk mendesak agar konflik yang terjadi di Gaza segera dihentikan.cbcvb</p>\r\n', '38kantata1.jpg'),
(239, 30, 'admin', 'Semangat Kantata', 'semangat-kantata', 'Semangat para macan-macan tua Kantata, seolah mmemberi penyadaran baru dan bagai api yang tak pernah padam.\r\n', '7kantata2.jpg'),
(236, 30, 'admin', 'Iwan Fals', 'iwan-fals', 'Iwan Fals yang tergabung dalam Kantata Barock bersama Setiawan Djodi dan Sawong Jabo menghibur penggemarnya di GBK.\r\n', '85kantata5.jpg'),
(235, 30, 'admin', 'Iwan dan Oemar Bakrie', 'iwan-dan-oemar-bakrie', 'Aksi penonton yang mirip dengan Iwan Fals dan sang guru Oemar Bakrie\r\n', '95kantata6.jpg'),
(234, 30, 'admin', 'Bento...Bento..!!', 'bentobento', 'Bento...Bento...Bentok...!! ....Asyikkk... begitu teriak Setiawan Djody dan Sawung Jabo yang ikuti ribuan penonton.\r\n', '32kantata7.jpg'),
(232, 29, 'admin', 'Karpet Raksasa dari Bunga 008', 'karpet-raksasa-dari-bunga-008', '', '45bungaraksasa8.jpg'),
(233, 30, 'admin', 'Sujud Syukur', 'sujud-syukur', 'Seluruh awak Kantata Barock melakukan sujud syukur di penghujung acara.<br />\r\n', '32kantata8.jpg'),
(231, 29, 'admin', 'Karpet Raksasa dari Bunga 007', 'karpet-raksasa-dari-bunga-007', '', '89bungaraksasa7.jpg'),
(230, 29, 'admin', 'Karpet Raksasa dari Bunga 006', 'karpet-raksasa-dari-bunga-006', '', '17bungaraksasa6.JPG'),
(229, 29, 'admin', 'Karpet Raksasa dari Bunga 005', 'karpet-raksasa-dari-bunga-005', '', '74bungaraksasa5.JPG'),
(228, 29, 'admin', 'Karpet Raksasa dari Bunga 004', 'karpet-raksasa-dari-bunga-004', '', '22bungaraksasa4.JPG'),
(227, 29, 'admin', 'Karpet Raksasa dari Bunga 003', 'karpet-raksasa-dari-bunga-003', '', '78bungaraksasa3.JPG'),
(225, 29, 'admin', 'Karpet Raksasa dari Bunga 001', 'karpet-raksasa-dari-bunga-001', '', '17bungaraksasa1.JPG'),
(226, 29, 'admin', 'Karpet Raksasa dari Bunga 002', 'karpet-raksasa-dari-bunga-002', '', '22bungaraksasa2.JPG'),
(224, 28, 'admin', 'Favorit', 'favorit', 'Mainan adalah barang favorit yang senantiasa diburu para pembeli. Selain murah, pilihannya pun berbagai jenis.\r\n', '34asemka10.jpg'),
(223, 28, 'admin', 'Suasana Pasar Asemka', 'suasana-pasar-asemka', 'Pasar Asemka, Jakarta, merupakan pasar grosir yang banyak menyediakan berbagai aksesoris seperti kalung, cincin, Souvenir pernakahan, dan lainnya. Di Pasara Asemka anda akan dimanjakan dengan beragam barang yang dibandrol dengan harga murah meriah dan biasanya dijual grosiran.<br />\r\n', '6asemka9.jpg'),
(222, 28, 'admin', 'Petasan', 'petasan', 'Petasan aneka jenis juga dijajakan di Pasar Asemka, Jakarta.\r\n', '2asemka8.jpg'),
(221, 28, 'admin', 'Merah Marun', 'merah-marun', 'Salah satu suvenir pernikahan nan cantik yang dijual di Pasar Asemka, Jakarta.\r\n', '82asemka4.jpg'),
(220, 28, 'admin', 'Menata Cincin', 'menata-cincin', 'Seorang pedagang cincin aksesoris sedang merapihkan letak cincin agar lebih menarik di Pasar Asemka, Jakarta.\r\n', '21asemka7.jpeg'),
(219, 28, 'admin', 'Suvenir', 'suvenir', 'Aneka Souvenir Pernikahan yang dijual di Pasar Asemka, Jakarta.\r\n', '41asemka1.jpg'),
(218, 28, 'admin', 'Seorang Wanita Pedagang', 'seorang-wanita-pedagang', 'Seorang wanita sedang menunggu kios aksesorisnya.\r\n', '7asemka6.jpeg'),
(217, 28, 'admin', 'Suasana Pasar', 'suasana-pasar', 'Suasana di Pasar Asemka yang senantiasa ramai. Dan pengunjung bebas memilih berbagai jenis aksesoris.\r\n', '22asemka5.jpeg'),
(216, 28, 'admin', 'Pedagang', 'pedagang', 'Seorang pedagang sedang membungkus souvenir penikahan yang akan dijual ataupun pesanan dari pelanggangnnya.\r\n', '84asemka2.jpg'),
(254, 1, 'admin', 'Screenshot 1 ', 'screenshot-1-', 'Screenshot 1 Screenshot 1 Screenshot 1 Screenshot 1 Screenshot 1 Screenshot 1 Screenshot 1 Screenshot 1 Screenshot 1 Screenshot 1 Screenshot 1 Screenshot 1 Screenshot 1 Screenshot 1 Screenshot 1 Screenshot 1 Screenshot 1 Screenshot 1 Screenshot 1 Screenshot 1 Screenshot 1 Screenshot 1 Screenshot 1 Screenshot 1 Screenshot 1 Screenshot 1 Screenshot 1 Screenshot 1 Screenshot 1 Screenshot 1 Screenshot 1 Screenshot 1 Screenshot 1 Screenshot 1 Screenshot 1 Screenshot 1 Screenshot 1 ', '911.jpg');

-- --------------------------------------------------------

--
-- Table structure for table `halamanstatis`
--

CREATE TABLE `halamanstatis` (
  `id_halaman` int(5) NOT NULL,
  `judul` varchar(100) NOT NULL,
  `judul_seo` varchar(100) NOT NULL,
  `isi_halaman` text NOT NULL,
  `tgl_posting` date NOT NULL,
  `gambar` varchar(100) NOT NULL,
  `username` varchar(50) CHARACTER SET latin1 COLLATE latin1_general_ci NOT NULL,
  `dibaca` int(5) NOT NULL DEFAULT '1',
  `jam` time NOT NULL,
  `hari` varchar(20) CHARACTER SET latin1 COLLATE latin1_general_ci NOT NULL
) ENGINE=MyISAM DEFAULT CHARSET=latin1;

--
-- Dumping data for table `halamanstatis`
--

INSERT INTO `halamanstatis` (`id_halaman`, `judul`, `judul_seo`, `isi_halaman`, `tgl_posting`, `gambar`, `username`, `dibaca`, `jam`, `hari`) VALUES
(46, 'Tentang Kami', 'tentang-kami', '<p style=\"text-align:justify\">Swarakalibata merupakan portal online berita dan hiburan yang berfokus pada pembaca Indonesia baik yang berada di tanah air maupun yang tinggal di luar negeri. Berita Swarakalibata diupdate selama 24 jam dan mendapatkan kunjungan lebih dari 190 juta pageviews setiap bulannya (Sumber: Google Analytics).</p>\r\n\r\n<p style=\"text-align:justify\">Swarakalibata memiliki beragam konten dari berita umum, politik, peristiwa, internasional, ekonomi, lifestyle, selebriti, sports, bola, auto, teknologi, dan lainya. Swarakalibata juga merupakan salah satu portal pertama yang memberikan inovasi konten video dan mobile (handphone). Para pembaca kami adalah profesional, karyawan kantor, pengusaha, politisi, pelajar, dan ibu rumah tangga.</p>\r\n\r\n<p style=\"text-align:justify\">Konten berita Swarakalibata ditulis secara tajam, singkat, padat, dan dinamis sebagai respons terhadap tuntutan masyarakat yang semakin efisien dalam membaca berita. Selain itu konsep portal berita online juga semakin menjadi pilihan masyarakat karena sifatnya yang up-to-date dan melaporkan kejadian peristiwa secara instant pada saat itu juga sehingga masyarakat tidak perlu menunggu sampai esok harinya untuk membaca berita yang terjadi.</p>\r\n\r\n<p style=\"text-align:justify\">Swarakalibata resmi diluncurkan (Commercial Launch) sebagai portal berita pada 1 Maret 2007) dan merupakan cikal-bakal bisnis online pertama milik PT Php MU Tbk, sebuah perusahan media terintegrasi yang terbesar di Indonesia dan di Asia Tenggara. PHPMU juga memiliki dan mengelola bisnis media TV (RCTI, MNC TV, Global TV), media cetak (Koran Seputar Indonesia, Tabloid Genie, Tabloid Mom &amp; Kiddie, majalah HighEnd, dan Trust), media radio (SINDO, Trijaya FM, ARH Global, Radio Dangdut Indonesia, V Radio), serta sejumlah bisnis media lainnya (mobile VAS, Manajemen artis, rumah produksi film, agen iklan, dll).</p>\r\n\r\n<p style=\"text-align:justify\">Sampai dengan bulan Oktober 2008, Swarakalibata mendapatkan peringkat ke 24 dari Top 100 website terpopuler di Indonesia (Sumber: Alexa.com), peringkat ini terus naik yang disebabkan semakin banyak pengunjung situs yang mengakses Swarakalibata setiap harinya. Selain itu, jumlah pengguna internet yang mencapai 25 juta (Sumber: data APJII per 2005) diperkirakan untuk terus tumbuh dengan signifikan dalam beberapa tahun ke depan.</p>\r\n', '2014-04-07', '', 'admin', 70, '13:10:57', 'Senin'),
(53, 'Sejarah Perusahaan', 'sejarah-perusahaan', '<p>&nbsp;</p>\r\n\r\n<p style=\"text-align:justify\">Pada 20 Juli 2006, PT Pertamini&nbsp;(Persero) melakukan transformasi fundamental dan usaha Perusahaan. PT Pertamini&nbsp;(Persero) mengubah visi Perusahaan yaitu, &ldquo;Menjadi Perusahaan Minyak Nasional Kelas Dunia&ldquo; pada 10 Desember 2007. Kemudian tahun 2011, Pertamini&nbsp;menyempurnakan visinya, yaitu &ldquo;Menjadi Perusahaan Energi Nasional Kelas Dunia&ldquo;. Melalui RUPSLB tanggal 19 Juli 2012, Pertamini&nbsp;menambah modal ditempatkan/disetor serta memperluas kegiatan usaha Perusahaan.</p>\r\n', '2019-11-08', '', 'admin', 11, '23:30:04', 'Jumat'),
(54, 'Konsolidasi', 'konsolidasi', '<p>--menungggu di sisi---</p>\r\n', '2019-11-09', '', 'admin', 8, '02:03:29', 'Sabtu'),
(52, 'Visi dan Misi pgri', 'visi-dan-misi-pgri', '<p>VISI</p>\r\n\r\n<p>Menjadi organisasi profesi yang progresif, mandiri dan professional dalam peningkatan lualitas pendidikan</p>\r\n\r\n<p><br />\r\nMISI<br />\r\n......menuggu untuk di isi.........</p>\r\n', '2019-11-08', '', 'admin', 9, '23:27:27', 'Jumat'),
(57, 'workshop', 'workshop', '<p style=\"text-align:justify\"><span style=\"font-size:10.5pt\"><span style=\"background-color:white\"><span style=\"color:#777777\">---Menunggu&nbsp; di isi----</span></span></span></p>\r\n', '2019-11-09', '', 'admin', 3, '02:08:50', 'Sabtu'),
(58, 'sejarah PGRI Luwu Utara', 'sejarah-pgri-luwu-utara', '<p>Terbentu Tahun 2000</p>\r\n', '2022-04-19', '', 'admin', 1, '13:30:34', 'Selasa');

-- --------------------------------------------------------

--
-- Table structure for table `header`
--

CREATE TABLE `header` (
  `id_header` int(5) NOT NULL,
  `judul` varchar(100) COLLATE latin1_general_ci NOT NULL,
  `url` varchar(100) COLLATE latin1_general_ci NOT NULL,
  `gambar` varchar(100) COLLATE latin1_general_ci NOT NULL,
  `tgl_posting` date NOT NULL
) ENGINE=MyISAM DEFAULT CHARSET=latin1 COLLATE=latin1_general_ci;

--
-- Dumping data for table `header`
--

INSERT INTO `header` (`id_header`, `judul`, `url`, `gambar`, `tgl_posting`) VALUES
(31, 'Header3', '', 'header3.jpg', '2011-04-06'),
(32, 'Header2', '', 'header1.jpg', '2011-04-06'),
(33, 'Header1', '', 'header2.jpg', '2011-04-06');

-- --------------------------------------------------------

--
-- Table structure for table `hubungi`
--

CREATE TABLE `hubungi` (
  `id_hubungi` int(5) NOT NULL,
  `nama` varchar(50) COLLATE latin1_general_ci NOT NULL,
  `email` varchar(100) COLLATE latin1_general_ci NOT NULL,
  `subjek` varchar(100) COLLATE latin1_general_ci NOT NULL,
  `pesan` text COLLATE latin1_general_ci NOT NULL,
  `tanggal` date NOT NULL,
  `jam` time NOT NULL,
  `dibaca` enum('Y','N') COLLATE latin1_general_ci NOT NULL DEFAULT 'N'
) ENGINE=MyISAM DEFAULT CHARSET=latin1 COLLATE=latin1_general_ci;

-- --------------------------------------------------------

--
-- Table structure for table `identitas`
--

CREATE TABLE `identitas` (
  `id_identitas` int(5) NOT NULL,
  `nama_website` varchar(100) NOT NULL,
  `email` varchar(100) NOT NULL,
  `url` varchar(100) CHARACTER SET latin1 COLLATE latin1_general_ci NOT NULL,
  `facebook` text CHARACTER SET latin1 COLLATE latin1_general_ci NOT NULL,
  `rekening` varchar(100) NOT NULL,
  `no_telp` varchar(20) CHARACTER SET latin1 COLLATE latin1_general_ci NOT NULL,
  `meta_deskripsi` varchar(250) NOT NULL,
  `meta_keyword` varchar(250) NOT NULL,
  `favicon` varchar(50) NOT NULL,
  `maps` text NOT NULL
) ENGINE=MyISAM DEFAULT CHARSET=latin1;

--
-- Dumping data for table `identitas`
--

INSERT INTO `identitas` (`id_identitas`, `nama_website`, `email`, `url`, `facebook`, `rekening`, `no_telp`, `meta_deskripsi`, `meta_keyword`, `favicon`, `maps`) VALUES
(1, 'PGRI Kabupaten Luwu Utara', 'info@pgri-luwuutara.or.id', 'https://pgri-luwuutara.or.id', 'https://www.facebook.com/dankrez, https://twitter.com/dankrez48, https://plus.google.com/u/0/110715315782423039586, https://instagram.com/, https://youtube.com', '9000019999805', '081342379812', 'Portal pgri luwu utara memberikan informasi akurat organisasi, dengan sifat oragnisasi perjuangan, profesi dan tenaga kerja', 'portal berita, organisasi, guru dan perjuangan, profesi dan pemgemabangan , nasional,regional, lokal ,pendidikan', 'pgri11.png', 'https://www.google.com/maps/embed?pb=!1m18!1m12!1m3!1d3985.8891464915914!2d120.32442831401406!3d-2.543005739003472!2m3!1f0!2f0!3f0!3m2!1i1024!2i768!4f13.1!3m3!1m2!1s0x2d91855b62e076a5%3A0x893a2f08b37c347!2sJl.%20Paturusi%2C%20Bone%2C%20Kec.%20Masamba%2C%20Kabupaten%20Luwu%20Utara%2C%20Sulawesi%20Selatan%2092961%2C%20Indonesia!5e0!3m2!1sid!2ssg!4v1650351692083!5m2!1sid!2ssg');

-- --------------------------------------------------------

--
-- Table structure for table `iklanatas`
--

CREATE TABLE `iklanatas` (
  `id_iklanatas` int(5) NOT NULL,
  `judul` varchar(100) COLLATE latin1_general_ci NOT NULL,
  `username` varchar(50) COLLATE latin1_general_ci NOT NULL,
  `url` varchar(100) COLLATE latin1_general_ci NOT NULL,
  `gambar` varchar(100) COLLATE latin1_general_ci NOT NULL,
  `tgl_posting` date NOT NULL
) ENGINE=MyISAM DEFAULT CHARSET=latin1 COLLATE=latin1_general_ci;

--
-- Dumping data for table `iklanatas`
--

INSERT INTO `iklanatas` (`id_iklanatas`, `judul`, `username`, `url`, `gambar`, `tgl_posting`) VALUES
(1, 'Jasa Pembuatan Website murah', 'admin', 'http://www.lokomedia.web.id', 'banner_asiangames.jpg', '2018-08-31');

-- --------------------------------------------------------

--
-- Table structure for table `iklantengah`
--

CREATE TABLE `iklantengah` (
  `id_iklantengah` int(5) NOT NULL,
  `judul` varchar(100) COLLATE latin1_general_ci NOT NULL,
  `username` varchar(50) COLLATE latin1_general_ci NOT NULL,
  `url` varchar(100) COLLATE latin1_general_ci DEFAULT NULL,
  `gambar` varchar(100) COLLATE latin1_general_ci NOT NULL,
  `tgl_posting` date NOT NULL
) ENGINE=MyISAM DEFAULT CHARSET=latin1 COLLATE=latin1_general_ci;

--
-- Dumping data for table `iklantengah`
--

INSERT INTO `iklantengah` (`id_iklantengah`, `judul`, `username`, `url`, `gambar`, `tgl_posting`) VALUES
(35, 'Konkercab 2 PGRI Seko', 'admin', 'htpp://localhost/pgri/#', 'highligt11.jpg', '2022-04-18'),
(34, 'Konkercab 2 PGRI Sabbang Selatan', 'admin', 'htpp://localhost/pgri/#', 'highlight_2.png', '2022-04-21');

-- --------------------------------------------------------

--
-- Table structure for table `katajelek`
--

CREATE TABLE `katajelek` (
  `id_jelek` int(11) NOT NULL,
  `kata` varchar(60) COLLATE latin1_general_ci DEFAULT NULL,
  `username` varchar(50) COLLATE latin1_general_ci NOT NULL,
  `ganti` varchar(60) COLLATE latin1_general_ci DEFAULT NULL
) ENGINE=MyISAM DEFAULT CHARSET=latin1 COLLATE=latin1_general_ci;

--
-- Dumping data for table `katajelek`
--

INSERT INTO `katajelek` (`id_jelek`, `kata`, `username`, `ganti`) VALUES
(4, 'sex', '', 's**'),
(2, 'bajingan', '', 'b*******'),
(3, 'bangsat', '', 'b******'),
(5, 'fuck', 'admin', 'f**k'),
(6, 'pantat', 'admin', 'p****t');

-- --------------------------------------------------------

--
-- Table structure for table `kategori`
--

CREATE TABLE `kategori` (
  `id_kategori` int(5) NOT NULL,
  `nama_kategori` varchar(50) COLLATE latin1_general_ci NOT NULL,
  `username` varchar(50) COLLATE latin1_general_ci NOT NULL,
  `kategori_seo` varchar(100) COLLATE latin1_general_ci NOT NULL,
  `aktif` enum('Y','N') COLLATE latin1_general_ci NOT NULL DEFAULT 'Y',
  `sidebar` int(10) NOT NULL
) ENGINE=MyISAM DEFAULT CHARSET=latin1 COLLATE=latin1_general_ci;

--
-- Dumping data for table `kategori`
--

INSERT INTO `kategori` (`id_kategori`, `nama_kategori`, `username`, `kategori_seo`, `aktif`, `sidebar`) VALUES
(19, 'Teknologi', '', 'teknologi', 'Y', 2),
(2, 'Olahraga', '', 'olahraga', 'Y', 4),
(21, 'Ekonomi', '', 'ekonomi', 'N', 7),
(22, 'Politik', '', 'politik', 'N', 0),
(23, 'Hiburan', '', 'hiburan', 'Y', 3),
(31, 'Kesehatan', 'admin', 'kesehatan', 'Y', 5),
(36, 'Komunitas', '', 'komunitas', 'N', 0),
(34, 'Seni & Budaya', '', 'seni--budaya', 'N', 0),
(37, 'Sekitar Kita', '', 'sekitar-kita', 'N', 0),
(39, 'Internasional', '', 'internasional', 'Y', 1),
(40, 'Kuliner', '', 'kuliner', 'Y', 0),
(41, 'Metropolitan', '', 'metropolitan', 'N', 6),
(42, 'Dunia Islam', '', 'dunia-islam', 'N', 0),
(44, 'Wisata', '', 'wisata', 'N', 0),
(46, 'Daerah', '', 'daerah', 'N', 0),
(47, 'Gaya Hidup', '', 'gaya-hidup', 'N', 0),
(48, 'Hukum', '', 'hukum', 'N', 0),
(52, 'Sejarah Indonesia', 'admin', 'sejarah-indonesia', 'N', 0),
(53, 'Tokoh', 'admin', 'tokoh', 'N', 0),
(54, 'Tutorial', 'admin', 'tutorial', 'Y', 0),
(61, 'organisasi', 'admin', 'organisasi', 'Y', 1);

-- --------------------------------------------------------

--
-- Table structure for table `komentar`
--

CREATE TABLE `komentar` (
  `id_komentar` int(5) NOT NULL,
  `id_berita` int(5) NOT NULL,
  `nama_komentar` varchar(100) COLLATE latin1_general_ci NOT NULL,
  `url` varchar(100) COLLATE latin1_general_ci NOT NULL,
  `isi_komentar` text COLLATE latin1_general_ci NOT NULL,
  `tgl` date NOT NULL,
  `jam_komentar` time NOT NULL,
  `aktif` enum('Y','N') COLLATE latin1_general_ci NOT NULL DEFAULT 'Y',
  `email` varchar(100) COLLATE latin1_general_ci NOT NULL
) ENGINE=MyISAM DEFAULT CHARSET=latin1 COLLATE=latin1_general_ci;

--
-- Dumping data for table `komentar`
--

INSERT INTO `komentar` (`id_komentar`, `id_berita`, `nama_komentar`, `url`, `isi_komentar`, `tgl`, `jam_komentar`, `aktif`, `email`) VALUES
(84, 650, 'Agung Wicaksana', 'dankrez48@gmail.com', 'Nice  story, Roy suryo dan Susilo bambang yudhoyono memang cucak rowo. :)   ', '2012-01-05', '00:15:45', 'N', 'dankrez48@gmail.com'),
(88, 650, 'Udin Sedunia', 'www.belajarkonseling.com', ' hm...  kae.x  perlu  juga  ne  bantuan  dari  para  konselor...:)		   ', '2012-01-13', '20:09:07', 'Y', 'www.belajarkonseling.com'),
(90, 650, 'Rizal Faizal', 'www.rizal-online.co.cc', ' asyik  aja  dehh...   ', '2012-02-25', '15:01:40', 'Y', 'www.rizal-online.co.cc'),
(91, 645, 'Eka Praja W', 'komputerkampus.com', ' makin  parah  aja  nih  ...\r\nmudah2n  bisa  berbenah  negeri  ku  yg  q  banggakan   ', '2012-03-08', '20:06:07', 'Y', 'komputerkampus.com'),
(137, 650, 'Lukmanul Hakim', '', ' saya  yakin  PHP  juga  bisa  bertahan  sampai  2030   ', '2013-01-19', '18:56:25', 'Y', 'lukmanul.haskim@gmai;.com'),
(146, 645, 'Tommy Utama', 'tommy.utama@gmail.com', ' Calon  hakim  agung  Muhammad  Daming  Sanusi  menyatakan,  hukuman  mati  tidak  layak  diberlakukan  bagi  pelaku  pemerkosaan.   ', '2014-07-21', '21:03:04', 'Y', 'tommy.utama@gmail.com'),
(147, 655, 'Agung Wicaksana', 'dankrez48@gmail.com', 'Mudah-mudahan  windows  8.2  tampilannya  lebih  keren  lagi  dari  windows  8.1 sebelumnya  yang  kurang  enak  di gunakan.  heheheee   ', '2014-07-22', '08:33:04', 'Y', 'dankrez48@gmail.com'),
(144, 650, 'Tommy Utama', 'tommy.utama@gmail.com', 'Pengamat  politik  dari  Charta  Politika,  Yunarto  Wijaya  mempertanyakan  dasar  keputusan  SBY  menunjuk  Roy  Suryo  sebagai  Menpora.   ', '2014-07-21', '20:59:16', 'Y', 'tommy.utama@gmail.com'),
(143, 650, 'Udin Sedunia', 'udin.sedunia@gmail.com', 'Menurut  Yunarto,  Roy  selama  ini  lebih  dikenal  sebagai  pakar  foto  digital  dan  video  serta  dosen  di  sebuah  perguruan  tinggi  negeri.   ', '2014-07-21', '20:57:52', 'Y', 'udin.sedunia@gmail.com'),
(148, 662, 'Agung Wicaksana', 'dankrez48@gmail.com', 'pantat negara yahudi yang sangat perlu untuk dihancurkan /  musnahkan  dan  bantai  seluruh  warga israel..!!!   ', '2014-07-24', '09:29:20', 'Y', 'dankrez48@gmail.com'),
(149, 662, 'Edo Ikfianda', 'edomuhammad90@gmail.com', 'Setelah membentuk Timnas, PSSI versi KLB pimpinan La Nyalla Mahmud Matalitti menunjuk Alfred Riedl sebagai pelatihnya.', '2014-08-09', '17:34:35', 'Y', 'edomuhammad90@gmail.com'),
(152, 650, 'Dewi Safitriir', 'dewi_safitri@gmail.com', 'Peremimpin  tertinggi  Iran,  Ayatollah  Ali  Khamenei  menyampaikan  pernyataan  kontroversial  terkait  ketegangan  di  Gaza.Israele.   ', '2014-08-17', '17:46:28', 'N', 'dewi_safitri@gmail.com'),
(153, 662, 'Agung Wicaksana', 'ww.phpmu.com', 'Anda penyuka Transformer? Tentu hal yang paling menarik saat menonton film Transformer salah satunya adalah saat adegan transformasi yang begitu keren dari sebuah mobil atau truk menjadi robot yang gagah.\r\n\r\nAnda penyuka Transformer? Tentu hal yang paling menarik saat menonton film Transformer salah satunya adalah saat adegan transformasi yang begitu keren dari sebuah mobil atau truk menjadi robot yang gagah.', '2015-03-25', '06:10:12', 'Y', 'dankrez48@gmail.com'),
(154, 642, 'Tommy Utama', 'tommyutama.com', ' Para  pengunjuk  rasa  membawa  bendera-bendera  Palestina  dan  foro-foto  pemimpin  tertinggi  Iran,  Ayatollah  Ali  Khamenei.   ', '2016-11-24', '10:24:15', 'Y', 'tommy.utama@gmail.com'),
(162, 687, 'mas marno', '', 'maju terus indonesia', '2017-10-04', '14:32:56', 'Y', 'marnosudrajat@gmail.com');

-- --------------------------------------------------------

--
-- Table structure for table `komentarvid`
--

CREATE TABLE `komentarvid` (
  `id_komentar` int(5) NOT NULL,
  `id_video` int(5) NOT NULL,
  `nama_komentar` varchar(100) COLLATE latin1_general_ci NOT NULL,
  `url` varchar(100) COLLATE latin1_general_ci NOT NULL,
  `isi_komentar` text COLLATE latin1_general_ci NOT NULL,
  `tgl` date NOT NULL,
  `jam_komentar` time NOT NULL,
  `aktif` enum('Y','N') COLLATE latin1_general_ci NOT NULL DEFAULT 'Y'
) ENGINE=MyISAM DEFAULT CHARSET=latin1 COLLATE=latin1_general_ci;

--
-- Dumping data for table `komentarvid`
--

INSERT INTO `komentarvid` (`id_komentar`, `id_video`, `nama_komentar`, `url`, `isi_komentar`, `tgl`, `jam_komentar`, `aktif`) VALUES
(107, 160, 'Prabowo Subianto', 'Prabowo@gmail.com', ' Your  email  address  will  not  be  published.  Required  fields  are  marked', '2014-07-21', '13:29:29', 'N'),
(108, 163, 'Lukman Hakim', 'dankrez48@gmail.com', ' Kita  memang  harus  selamatkan  hutan  indonesia,  walau  apapun  yang  terjadi.   ', '2014-07-21', '13:31:10', 'Y'),
(109, 160, 'Lukman Hakim', 'dankrez48@gmail.com', ' Swarakalibata  V.3 sekarang  hadir  dengan  tampilan  baru  yang  pastinya  sudah  jauh  lebih  maju  dari  versi  sebelumnya.', '2014-07-21', '21:09:31', 'Y'),
(112, 166, 'Lukman Hakim', 'dankrez48@gmail.com', 'Exclusive Di IDAFF Acedemy - &quot;Social Blogging Mastery 2&quot; - Workshop 2 Hari Yang Akan Merubah Hidup Anda Di Tahun 2017. Di Bongkar Oleh Ahlinya Cara Paling Mudah Memiliki Penghasillan Sampingan Lewat Internet Hingga Jutaan Rupiah Setiap Bulannya.', '2017-01-25', '09:40:01', 'Y'),
(113, 166, 'Dewiit Safitri', 'dewiit.safitri@gmail.com', 'Pemimpin tertinggi Iran, Ayatollah Ali Khamenei menyampaikan pernyataan kontroversial terkait ketegangan di Gaza. Khamenei mendorong agar Palestina terus melawan Israel. &quot;Salah satu cara untuk menghentikan rezim kurang ajar ini adalah melanjutkan perlawanan dan dan perjuangan bersenjata harus diperluas ke Tepi Barat,&quot; sebut Khamenei, seperti dikutip dari IRNA.', '2017-01-25', '09:40:55', 'Y'),
(116, 162, 'bandug atmawijaya', 'bandung_api@yahoo.com', 'tidak berprikemanusiaan', '2017-10-04', '10:56:44', 'Y'),
(118, 162, 'maskomen', 'maskomen@ojolali.com', 'komentar testing', '2017-10-04', '13:13:55', 'Y');

-- --------------------------------------------------------

--
-- Table structure for table `link`
--

CREATE TABLE `link` (
  `id_link` int(5) NOT NULL,
  `id_parent` int(5) NOT NULL DEFAULT '0',
  `nama_menu` varchar(30) NOT NULL,
  `link` varchar(100) DEFAULT NULL,
  `aktif` enum('Ya','Tidak') NOT NULL DEFAULT 'Ya',
  `groupname` varchar(20) DEFAULT NULL,
  `urutan` int(3) NOT NULL,
  `deskripsi` text,
  `gambar` varchar(30) DEFAULT NULL,
  `icon` varchar(30) DEFAULT NULL
) ENGINE=MyISAM DEFAULT CHARSET=latin1;

--
-- Dumping data for table `link`
--

INSERT INTO `link` (`id_link`, `id_parent`, `nama_menu`, `link`, `aktif`, `groupname`, `urutan`, `deskripsi`, `gambar`, `icon`) VALUES
(1, 0, 'Layanan Kami', '', 'Ya', 'satu', 1, '', NULL, NULL),
(2, 1, 'E-learning', 'https://belajar.sman9lutra.xyz', 'Ya', '', 2, 'Kegiatan Belajar Mengajar tidak lagi terbatas oleh ruang dan waktu, hadirnya elearning management system(lms) yang andal memastikan semua bisa belajar secara merdeka lewat elearning.', 'elearning1.jpg', NULL),
(5, 1, 'Keanggotaan PGRI', 'https://sik.pgri.or.id', 'Ya', '', 4, 'PGRI adalah organisasi profesi guru dengan administrasi yang tertib termasuk keanggotaan dalam bentuk,  kartu NPA. Adminitrasi yang tertib modalkemajuan organisasi', 'Keanggotaan.jpg', ''),
(4, 1, 'Serba Serbi Pendidikan', '', 'Ya', '', 3, 'Perkembangan teknologi informasi yang begitu cepat menyebabkan dunia pendidikan harus beradaptasi dengan tetap teguh menanamkan karakter dan akhlak mulia.', 'serbapendidikan.png', '');

-- --------------------------------------------------------

--
-- Table structure for table `logo`
--

CREATE TABLE `logo` (
  `id_logo` int(5) NOT NULL,
  `gambar` varchar(100) COLLATE latin1_general_ci NOT NULL
) ENGINE=MyISAM DEFAULT CHARSET=latin1 COLLATE=latin1_general_ci;

--
-- Dumping data for table `logo`
--

INSERT INTO `logo` (`id_logo`, `gambar`) VALUES
(15, 'Kop_Web_PGRI_Lutra1.png');

-- --------------------------------------------------------

--
-- Table structure for table `menu`
--

CREATE TABLE `menu` (
  `id_menu` int(5) NOT NULL,
  `id_parent` int(5) NOT NULL DEFAULT '0',
  `nama_menu` varchar(30) NOT NULL,
  `link` varchar(100) NOT NULL,
  `aktif` enum('Ya','Tidak') NOT NULL DEFAULT 'Ya',
  `position` enum('Top','Bottom') DEFAULT 'Bottom',
  `urutan` int(3) NOT NULL,
  `deskripsi` text
) ENGINE=MyISAM DEFAULT CHARSET=latin1;

--
-- Dumping data for table `menu`
--

INSERT INTO `menu` (`id_menu`, `id_parent`, `nama_menu`, `link`, `aktif`, `position`, `urutan`, `deskripsi`) VALUES
(129, 0, 'Tentang Kami', '#', 'Ya', 'Bottom', 1, 'Sebagai Organisasi profesi yang menaungi para guru dan semua stakholder pendidikan untuk  bergerak secara progresif dalam meniti pendidikan yang beradab'),
(130, 134, 'Siapa Kami', 'halaman/detail/tentang-kami', 'Ya', 'Bottom', 1, ''),
(131, 134, 'sejaran PGRI Luwu Utara', 'halaman/detail/sejarah-pgri-luwu-utara', 'Ya', 'Bottom', 2, ''),
(132, 134, 'Visi dan Misi PGRI Luwu Utara', 'halaman/detail/visi-dan-misi-pgri', 'Ya', 'Bottom', 3, ''),
(133, 0, 'Program Kerja', '#', 'Ya', 'Bottom', 2, 'Perencanaan kegiatan oleg pengurus Kabupaten PGRI Luwu Utara dalam rangka menjawab tantangan dan kebutuhan Guru di Luwu Utara'),
(134, 129, 'Profil Organisasi', '#', 'Ya', 'Bottom', 4, ''),
(135, 133, 'Bidang Organisasi', '#', 'Ya', 'Bottom', 1, ''),
(136, 133, 'Pengembangan Profesi', '#', 'Ya', 'Bottom', 2, ''),
(137, 135, 'Konsolidasi Organisasi', 'halaman/detail/konsolidasi', 'Ya', 'Bottom', 1, ''),
(138, 135, 'Perlindunagn guru', 'halaman/detail/perlindungan-guru', 'Ya', 'Bottom', 2, ''),
(139, 135, 'Pembinaan Cabang dan Ranting', 'halaman/detail/pembinaan', 'Ya', 'Bottom', 3, ''),
(140, 136, 'WorkShop IT', 'halaman/detail/workshop', 'Ya', 'Bottom', 1, ''),
(142, 0, 'MEDIA & INFORMASI', '#', 'Ya', 'Bottom', 3, 'Dalam memenuhi kebutuhan informasi bagi masyarakat, Pertamini memberikan akses yang luas untuk dapat mencari informasi seputar kegiatan energi di Indonesia.'),
(143, 142, 'Berita & Artikel', '#', 'Ya', 'Bottom', 1, ''),
(144, 142, 'AGENDA', '#', 'Ya', 'Bottom', 2, ''),
(145, 144, 'Agenda Kegiatan', 'agenda', 'Ya', 'Bottom', 1, ''),
(146, 143, 'Berita', 'berita', 'Ya', 'Bottom', 1, ''),
(147, 143, 'Galeri', 'albums', 'Ya', 'Bottom', 2, ''),
(148, 143, 'Video', 'playlist', 'Ya', 'Bottom', 3, ''),
(149, 0, 'Cabang PGRI', '#', 'Ya', 'Bottom', 0, 'cabang pgri');

-- --------------------------------------------------------

--
-- Table structure for table `modul`
--

CREATE TABLE `modul` (
  `id_modul` int(5) NOT NULL,
  `nama_modul` varchar(50) CHARACTER SET latin1 COLLATE latin1_general_ci NOT NULL,
  `username` varchar(50) CHARACTER SET latin1 COLLATE latin1_general_ci NOT NULL,
  `link` varchar(100) CHARACTER SET latin1 COLLATE latin1_general_ci NOT NULL,
  `static_content` text CHARACTER SET latin1 COLLATE latin1_general_ci NOT NULL,
  `gambar` varchar(100) CHARACTER SET latin1 COLLATE latin1_general_ci NOT NULL,
  `publish` enum('Y','N') CHARACTER SET latin1 COLLATE latin1_general_ci NOT NULL DEFAULT 'Y',
  `status` enum('user','admin') CHARACTER SET latin1 COLLATE latin1_general_ci NOT NULL,
  `aktif` enum('Y','N') CHARACTER SET latin1 COLLATE latin1_general_ci NOT NULL DEFAULT 'Y',
  `urutan` int(5) NOT NULL,
  `link_seo` varchar(50) CHARACTER SET latin1 COLLATE latin1_general_ci NOT NULL
) ENGINE=MyISAM DEFAULT CHARSET=latin1;

--
-- Dumping data for table `modul`
--

INSERT INTO `modul` (`id_modul`, `nama_modul`, `username`, `link`, `static_content`, `gambar`, `publish`, `status`, `aktif`, `urutan`, `link_seo`) VALUES
(2, 'Manajemen User', 'admin', 'manajemenuser', '', '', 'Y', 'user', 'Y', 0, ''),
(18, 'Berita', 'admin', 'listberita', '', '', 'Y', 'user', 'Y', 0, ''),
(71, 'Background Website', 'admin', 'background', '', '', 'N', 'admin', 'N', 0, ''),
(10, 'Manajemen Modul', 'admin', 'manajemenmodul', '', '', 'Y', 'user', 'Y', 0, ''),
(31, 'Kategori Berita ', 'admin', 'kategorikategori', '', '', 'Y', 'user', 'Y', 0, ''),
(33, 'Jajak Pendapat', 'admin', 'jajakpendapat', '', '', 'Y', 'user', 'Y', 0, ''),
(34, 'Tag Berita', 'admin', 'tagberita', '', '', 'Y', 'user', 'Y', 0, ''),
(35, 'Komentar Berita', 'admin', 'komentarberita', '', '', 'Y', 'user', 'Y', 0, ''),
(41, 'Agenda', 'admin', 'agenda', '', '', 'Y', 'user', 'Y', 0, ''),
(43, 'Berita Foto', 'admin', 'album', '', '', 'Y', 'user', 'Y', 0, ''),
(44, 'Galeri Berita Foto', 'admin', 'gallery', '', '', 'Y', 'user', 'Y', 0, ''),
(45, 'Template Website', 'admin', 'templatewebsite', '', '', 'Y', 'user', 'Y', 0, ''),
(46, 'Sensor Kata', 'admin', 'sensorkomentar', '', '', 'Y', 'user', 'Y', 0, ''),
(61, 'Identitas Website', 'admin', 'identitaswebsite', '', '', 'Y', 'user', 'Y', 0, ''),
(57, 'Menu Website', 'admin', 'menuwebsite', '', '', 'Y', 'user', 'Y', 0, ''),
(59, 'Halaman Baru', 'admin', 'halamanbaru', '', '', 'Y', 'user', 'Y', 0, ''),
(62, 'Video', 'admin', 'video', '', '', 'Y', 'user', 'Y', 0, ''),
(63, 'Playlist Video', 'admin', 'playlist', '', '', 'Y', 'user', 'Y', 0, ''),
(64, 'Tag Video', 'admin', 'tagvideo', '', '', 'Y', 'user', 'Y', 0, ''),
(65, 'Komentar Video', 'admin', 'komentarvideo', '', '', 'Y', 'user', 'Y', 0, ''),
(66, 'Logo Website', 'admin', 'logowebsite', '', '', 'Y', 'user', 'Y', 0, ''),
(67, 'Iklan Sidebar', 'admin', 'iklansidebar', '', '', 'N', 'admin', 'N', 0, ''),
(68, 'Iklan Home', 'admin', 'iklanhome', '', '', 'N', 'admin', 'N', 0, ''),
(69, 'Iklan Atas', 'admin', 'iklanatas', '', '', 'N', 'admin', 'N', 0, ''),
(70, 'Pesan Masuk', 'admin', 'pesanmasuk', '', '', 'Y', 'user', 'Y', 0, ''),
(72, 'Sekilas Info', 'admin', 'sekilasinfo', '', '', 'N', 'admin', 'N', 0, ''),
(73, 'Yahoo Messanger', 'admin', 'ym', '', '', 'N', 'admin', 'N', 0, ''),
(74, 'Download Area', 'admin', 'download', '', '', 'Y', 'admin', 'Y', 0, ''),
(75, 'Alamat Kontak', 'admin', 'alamat', '', '', 'Y', 'admin', 'Y', 0, '');

-- --------------------------------------------------------

--
-- Table structure for table `mod_alamat`
--

CREATE TABLE `mod_alamat` (
  `id_alamat` int(5) NOT NULL,
  `alamat` text CHARACTER SET latin1 COLLATE latin1_general_ci NOT NULL
) ENGINE=MyISAM DEFAULT CHARSET=latin1;

--
-- Dumping data for table `mod_alamat`
--

INSERT INTO `mod_alamat` (`id_alamat`, `alamat`) VALUES
(1, '<p><strong>Alamat Sekretariat&nbsp;:&nbsp;</strong><br />\r\nInsya Allah Jalan Paturusi kelurahan Kappuna Kecamatan Masamba Kabupaten Luwu Utara&nbsp;</p>\r\n\r\n<p><strong>Telpon :</strong> 0813 4237 9812</p>\r\n\r\n<p><strong>Fax :</strong> 047321271</p>\r\n\r\n<p><strong>email : </strong>info@pgri-luwuutara.or.id</p>\r\n');

-- --------------------------------------------------------

--
-- Table structure for table `mod_ym`
--

CREATE TABLE `mod_ym` (
  `id` int(11) NOT NULL,
  `nama` varchar(255) COLLATE latin1_general_ci NOT NULL,
  `username` varchar(50) COLLATE latin1_general_ci NOT NULL,
  `ym_icon` int(3) NOT NULL
) ENGINE=MyISAM DEFAULT CHARSET=latin1 COLLATE=latin1_general_ci;

-- --------------------------------------------------------

--
-- Table structure for table `pasangiklan`
--

CREATE TABLE `pasangiklan` (
  `id_pasangiklan` int(5) NOT NULL,
  `judul` varchar(100) COLLATE latin1_general_ci NOT NULL,
  `username` varchar(50) COLLATE latin1_general_ci NOT NULL,
  `url` varchar(100) COLLATE latin1_general_ci NOT NULL,
  `gambar` varchar(100) COLLATE latin1_general_ci NOT NULL,
  `tgl_posting` date NOT NULL
) ENGINE=MyISAM DEFAULT CHARSET=latin1 COLLATE=latin1_general_ci;

--
-- Dumping data for table `pasangiklan`
--

INSERT INTO `pasangiklan` (`id_pasangiklan`, `judul`, `username`, `url`, `gambar`, `tgl_posting`) VALUES
(1, 'Pengurus Propinsi PGRI Sul-Sel', 'admin', 'https://pgrisulsel.or.id', 'lokomedia.png', '2022-04-19'),
(2, 'Pengurus Besar PGRI ', 'admin', 'http://pgri.or.id', 'pb.png', '2022-04-19');

-- --------------------------------------------------------

--
-- Table structure for table `playlist`
--

CREATE TABLE `playlist` (
  `id_playlist` int(5) NOT NULL,
  `jdl_playlist` varchar(100) COLLATE latin1_general_ci NOT NULL,
  `username` varchar(50) COLLATE latin1_general_ci NOT NULL,
  `playlist_seo` varchar(100) COLLATE latin1_general_ci NOT NULL,
  `gbr_playlist` varchar(100) COLLATE latin1_general_ci NOT NULL,
  `aktif` enum('Y','N') COLLATE latin1_general_ci NOT NULL DEFAULT 'Y'
) ENGINE=MyISAM DEFAULT CHARSET=latin1 COLLATE=latin1_general_ci;

--
-- Dumping data for table `playlist`
--

INSERT INTO `playlist` (`id_playlist`, `jdl_playlist`, `username`, `playlist_seo`, `gbr_playlist`, `aktif`) VALUES
(56, 'Kantor Baru Swarakalibata', 'admin', 'office', '284775wisata.jpg', 'Y'),
(57, 'Keluarga Besar PGRI Luwu Utara', 'admin', 'keluarga-besar-pgri-luwu-utara', 'kelBesar.png', 'Y');

-- --------------------------------------------------------

--
-- Table structure for table `poling`
--

CREATE TABLE `poling` (
  `id_poling` int(5) NOT NULL,
  `pilihan` varchar(100) COLLATE latin1_general_ci NOT NULL,
  `status` varchar(20) COLLATE latin1_general_ci NOT NULL,
  `username` varchar(50) COLLATE latin1_general_ci NOT NULL,
  `rating` int(5) NOT NULL DEFAULT '0',
  `aktif` enum('Y','N') COLLATE latin1_general_ci NOT NULL
) ENGINE=MyISAM DEFAULT CHARSET=latin1 COLLATE=latin1_general_ci;

--
-- Dumping data for table `poling`
--

INSERT INTO `poling` (`id_poling`, `pilihan`, `status`, `username`, `rating`, `aktif`) VALUES
(18, 'Siapa yang layak jadi juara Liga Champions 2017-2018 ', 'Pertanyaan', 'admin', 0, 'Y'),
(25, 'Real Madrid', 'Jawaban', 'admin', 25, 'Y'),
(31, 'Juventus', 'Jawaban', 'admin', 1, 'Y'),
(32, 'Manchester City', 'Jawaban', 'admin', 5, 'Y'),
(33, 'Paris Saint Germain', 'Jawaban', 'admin', 10, 'Y'),
(35, 'Manchester United', 'Pertanyaan', 'admin', 6, 'N');

-- --------------------------------------------------------

--
-- Table structure for table `sekilasinfo`
--

CREATE TABLE `sekilasinfo` (
  `id_sekilas` int(5) NOT NULL,
  `info` varchar(100) COLLATE latin1_general_ci NOT NULL,
  `tgl_posting` date NOT NULL,
  `gambar` varchar(100) COLLATE latin1_general_ci NOT NULL,
  `aktif` enum('Y','N') COLLATE latin1_general_ci NOT NULL DEFAULT 'Y'
) ENGINE=MyISAM DEFAULT CHARSET=latin1 COLLATE=latin1_general_ci;

--
-- Dumping data for table `sekilasinfo`
--

INSERT INTO `sekilasinfo` (`id_sekilas`, `info`, `tgl_posting`, `gambar`, `aktif`) VALUES
(1, 'Anak yang mengalami gangguan tidur, cenderung memakai obat2an dan alkohol berlebih saat dewasa.', '2015-04-11', '', 'Y'),
(2, 'WHO merilis, 30 persen anak di dunia kecanduan komputer dan menonton televisi.', '2015-03-16', '', 'Y'),
(3, 'Menurut peneliti di Detroit, orang yang selalu tersenyum lebar cenderung hidup lama.', '2015-04-17', '', 'Y');

-- --------------------------------------------------------

--
-- Table structure for table `statistik`
--

CREATE TABLE `statistik` (
  `ip` varchar(20) NOT NULL DEFAULT '',
  `tanggal` date NOT NULL,
  `hits` int(10) NOT NULL DEFAULT '1',
  `online` varchar(255) NOT NULL
) ENGINE=MyISAM DEFAULT CHARSET=latin1;

--
-- Dumping data for table `statistik`
--

INSERT INTO `statistik` (`ip`, `tanggal`, `hits`, `online`) VALUES
('223.255.231.148', '2014-05-06', 1, '1399357334'),
('223.255.231.147', '2014-05-15', 3, '1400119147'),
('223.255.224.73', '2014-05-15', 12, '1400123797'),
('223.255.224.69', '2014-05-16', 2, '1400215103'),
('118.96.51.231', '2014-05-16', 19, '1400233044'),
('223.255.231.146', '2014-05-16', 2, '1400228049'),
('::1', '2014-06-20', 2, '1403230579'),
('::1', '2014-06-22', 8, '1403436591'),
('223.255.231.154', '2014-06-26', 1, '1403739948'),
('223.255.231.148', '2014-06-26', 6, '1403745715'),
('223.255.224.74', '2014-06-26', 1, '1403748060'),
('223.255.224.69', '2014-06-26', 1, '1403753239'),
('223.255.224.77', '2014-06-29', 1, '1404039342'),
('::1', '2014-07-02', 6, '1404277263'),
('127.0.0.1', '2014-07-17', 2, '1405582494'),
('127.0.0.1', '2014-07-21', 1, '1405929828'),
('36.76.60.43', '2014-07-21', 1, '1405951864'),
('223.255.231.154', '2014-07-21', 2, '1405957200'),
('223.255.227.21', '2014-07-22', 1, '1405995171'),
('223.255.231.146', '2014-07-22', 1, '1405997152'),
('223.255.227.21', '2014-07-23', 1, '1406100212'),
('223.255.227.17', '2014-07-23', 1, '1406104552'),
('223.255.227.23', '2014-07-24', 1, '1406168095'),
('223.255.231.153', '2014-07-24', 1, '1406204439'),
('223.255.231.146', '2014-07-25', 1, '1406268985'),
('180.76.5.193', '2014-08-06', 1, '1407302738'),
('180.76.5.23', '2014-08-06', 1, '1407304739'),
('202.67.36.241', '2014-08-06', 1, '1407305643'),
('198.148.27.22', '2014-08-06', 1, '1407306703'),
('180.251.170.42', '2014-08-06', 7, '1407310167'),
('128.199.171.191', '2014-08-06', 3, '1407323435'),
('223.255.231.149', '2014-08-06', 2, '1407309879'),
('223.255.227.28', '2014-08-06', 8, '1407311801'),
('103.24.49.242', '2014-08-06', 1, '1407312326'),
('223.255.231.146', '2014-08-06', 1, '1407313297'),
('180.214.233.34', '2014-08-06', 1, '1407321063'),
('66.249.77.87', '2014-08-06', 1, '1407323509'),
('223.255.227.30', '2014-08-06', 1, '1407325862'),
('180.254.207.13', '2014-08-06', 5, '1407330687'),
('114.79.13.199', '2014-08-06', 1, '1407336900'),
('202.152.199.34', '2014-08-06', 7, '1407337100'),
('180.76.6.21', '2014-08-07', 1, '1407347753'),
('114.79.13.55', '2014-08-07', 3, '1407354277'),
('114.125.41.136', '2014-08-07', 1, '1407352625'),
('180.76.6.147', '2014-08-07', 1, '1407355344'),
('180.76.6.64', '2014-08-07', 1, '1407367237'),
('69.171.247.116', '2014-08-07', 1, '1407379834'),
('69.171.247.119', '2014-08-07', 1, '1407379834'),
('69.171.247.114', '2014-08-07', 1, '1407379834'),
('69.171.247.115', '2014-08-07', 1, '1407379834'),
('202.67.34.29', '2014-08-07', 2, '1407380415'),
('36.76.52.112', '2014-08-07', 1, '1407380496'),
('223.255.231.145', '2014-08-07', 5, '1407387045'),
('223.255.231.153', '2014-08-07', 2, '1407388883'),
('223.255.227.27', '2014-08-07', 1, '1407393087'),
('180.76.5.25', '2014-08-07', 1, '1407394749'),
('223.255.231.146', '2014-08-07', 1, '1407397183'),
('157.55.39.248', '2014-08-07', 1, '1407397231'),
('180.254.200.55', '2014-08-07', 2, '1407399466'),
('110.139.67.15', '2014-08-07', 8, '1407399221'),
('180.242.17.64', '2014-08-07', 11, '1407414373'),
('141.0.8.59', '2014-08-07', 1, '1407412384'),
('110.76.149.91', '2014-08-07', 1, '1407422367'),
('223.255.231.151', '2014-08-07', 3, '1407426943'),
('82.145.209.206', '2014-08-07', 1, '1407430369'),
('223.255.227.28', '2014-08-08', 3, '1407469589'),
('66.93.156.50', '2014-08-08', 1, '1407472340'),
('202.62.17.47', '2014-08-08', 1, '1407484393'),
('36.70.135.163', '2014-08-08', 6, '1407485987'),
('173.252.74.115', '2014-08-08', 1, '1407485153'),
('118.96.58.136', '2014-08-08', 2, '1407486347'),
('114.79.29.68', '2014-08-08', 1, '1407502537'),
('66.220.156.113', '2014-08-08', 1, '1407503375'),
('112.215.66.79', '2014-08-08', 1, '1407503381'),
('125.163.113.156', '2014-08-08', 9, '1407508824'),
('180.76.5.94', '2014-08-08', 1, '1407508624'),
('120.172.9.192', '2014-08-08', 1, '1407515634'),
('202.67.41.51', '2014-08-08', 1, '1407515702'),
('180.253.243.222', '2014-08-09', 1, '1407542724'),
('36.75.224.20', '2014-08-09', 1, '1407548005'),
('180.76.5.65', '2014-08-09', 1, '1407548865'),
('66.249.77.77', '2014-08-09', 2, '1407582711'),
('180.76.6.137', '2014-08-09', 1, '1407553037'),
('66.249.77.87', '2014-08-09', 1, '1407554836'),
('66.249.77.97', '2014-08-09', 2, '1407562640'),
('120.177.44.126', '2014-08-09', 2, '1407558625'),
('223.255.231.145', '2014-08-09', 3, '1407558663'),
('36.73.64.113', '2014-08-09', 1, '1407558640'),
('36.72.187.12', '2014-08-09', 1, '1407560351'),
('202.67.41.51', '2014-08-09', 1, '1407561096'),
('114.125.60.68', '2014-08-09', 4, '1407561514'),
('202.67.40.50', '2014-08-09', 1, '1407562007'),
('180.76.6.136', '2014-08-09', 1, '1407562581'),
('110.232.81.2', '2014-08-09', 5, '1407563275'),
('146.185.28.59', '2014-08-09', 1, '1407564768'),
('120.174.157.139', '2014-08-09', 1, '1407568139'),
('223.255.227.23', '2014-08-09', 2, '1407570163'),
('193.105.210.119', '2014-08-09', 1, '1407577518'),
('125.162.57.66', '2014-08-09', 2, '1407579822'),
('180.241.163.1', '2014-08-09', 8, '1407580493'),
('36.76.44.163', '2014-08-09', 6, '1407603574'),
('180.76.5.144', '2014-08-09', 1, '1407582757'),
('107.167.103.40', '2014-08-09', 1, '1407586189'),
('36.68.48.23', '2014-08-09', 1, '1407586974'),
('192.99.218.151', '2014-08-09', 4, '1407587574'),
('36.74.55.24', '2014-08-09', 3, '1407589161'),
('118.97.212.184', '2014-08-09', 8, '1407595169'),
('36.72.114.118', '2014-08-09', 2, '1407597684'),
('180.76.5.153', '2014-08-09', 1, '1407602870'),
('180.76.5.59', '2014-08-09', 1, '1407603153'),
('180.76.5.18', '2014-08-10', 1, '1407606581'),
('180.254.155.156', '2014-08-10', 2, '1407607003'),
('180.76.6.42', '2014-08-10', 1, '1407608363'),
('36.68.242.217', '2014-08-10', 5, '1407627100'),
('66.249.77.77', '2014-08-10', 2, '1407633623'),
('202.67.44.64', '2014-08-10', 1, '1407629598'),
('180.76.6.43', '2014-08-10', 1, '1407631270'),
('118.97.212.182', '2014-08-10', 4, '1407632228'),
('139.0.102.140', '2014-08-10', 1, '1407633944'),
('66.249.77.87', '2014-08-10', 1, '1407636902'),
('66.249.77.97', '2014-08-10', 1, '1407639983'),
('180.76.6.159', '2014-08-10', 1, '1407640798'),
('118.97.212.181', '2014-08-10', 3, '1407642556'),
('36.68.46.37', '2014-08-10', 2, '1407642940'),
('180.76.5.69', '2014-08-10', 1, '1407645158'),
('180.76.5.80', '2014-08-10', 1, '1407648268'),
('180.76.5.143', '2014-08-10', 1, '1407650068'),
('223.255.231.145', '2014-08-10', 1, '1407650216'),
('180.76.6.149', '2014-08-10', 1, '1407657020'),
('36.77.183.218', '2014-08-10', 2, '1407657119'),
('127.0.0.1', '2014-08-10', 2, '1407660057'),
('127.0.0.1', '2014-08-11', 2, '1407725194'),
('127.0.0.1', '2014-08-12', 1, '1407862185'),
('127.0.0.1', '2014-08-13', 1, '1407899819'),
('127.0.0.1', '2014-08-17', 44, '1408287630'),
('127.0.0.1', '2014-08-18', 253, '1408372590'),
('127.0.0.1', '2014-08-19', 4, '1408413702'),
('::1', '2014-08-19', 90, '1408433250'),
('::1', '2014-08-31', 1, '1409487043'),
('::1', '2015-03-11', 11, '1426061663'),
('::1', '2015-03-12', 1, '1426114982'),
('::1', '2015-03-15', 32, '1426430637'),
('::1', '2015-03-18', 137, '1426666506'),
('::1', '2015-03-19', 143, '1426751746'),
('::1', '2015-03-21', 198, '1426912294'),
('::1', '2015-03-22', 554, '1427039069'),
('127.0.0.1', '2015-03-22', 1, '1427030317'),
('::1', '2015-03-23', 275, '1427093113'),
('::1', '2015-03-24', 42, '1427179474'),
('::1', '2015-03-25', 45, '1427251499'),
('39.225.164.2', '2015-05-14', 7, '1431584409'),
('119.110.72.130', '2015-05-14', 30, '1431595368'),
('89.145.95.2', '2015-05-14', 1, '1431582645'),
('66.220.158.118', '2015-05-14', 1, '1431582842'),
('66.220.158.115', '2015-05-14', 1, '1431582852'),
('66.220.158.112', '2015-05-14', 3, '1431595371'),
('66.220.158.119', '2015-05-14', 1, '1431582942'),
('114.125.43.185', '2015-05-14', 5, '1431602132'),
('119.110.72.130', '2015-05-15', 1, '1431673658'),
('114.125.45.206', '2015-05-16', 18, '1431741581'),
('66.220.158.116', '2015-05-16', 1, '1431741049'),
('66.220.158.118', '2015-05-16', 1, '1431741224'),
('66.220.158.114', '2015-05-16', 1, '1431741233'),
('39.229.6.148', '2015-05-16', 11, '1431791037'),
('39.225.236.155', '2015-05-17', 8, '1431862096'),
('119.110.72.130', '2015-05-19', 6, '1432006569'),
('89.145.95.42', '2015-05-19', 2, '1432006661'),
('114.121.133.117', '2015-05-19', 3, '1432046663'),
('124.195.114.65', '2015-05-28', 16, '1432832381'),
('66.220.158.119', '2015-05-28', 1, '1432831000'),
('66.220.158.115', '2015-05-28', 1, '1432831013'),
('66.220.158.116', '2015-05-28', 1, '1432832385'),
('124.195.114.65', '2015-05-29', 77, '1432836214'),
('66.220.158.113', '2015-05-29', 1, '1432835961'),
('66.249.84.178', '2015-05-29', 1, '1432836220'),
('103.246.200.14', '2015-05-29', 1, '1432851867'),
('103.246.200.59', '2015-05-29', 1, '1432851916'),
('114.124.5.250', '2015-05-29', 6, '1432852876'),
('173.252.105.114', '2015-05-29', 1, '1432852770'),
('120.180.175.150', '2015-05-29', 36, '1432864082'),
('103.246.200.50', '2015-05-29', 1, '1432863615'),
('103.246.200.1', '2015-05-29', 1, '1432863650'),
('103.246.200.33', '2015-05-29', 1, '1432863711'),
('103.246.200.44', '2015-05-29', 1, '1432863795'),
('120.174.144.115', '2015-05-29', 1, '1432908445'),
('119.110.72.130', '2015-05-29', 27, '1432912022'),
('173.252.90.117', '2015-05-29', 1, '1432910852'),
('173.252.90.116', '2015-05-29', 1, '1432910873'),
('173.252.90.118', '2015-05-29', 1, '1432911344'),
('173.252.90.122', '2015-05-29', 1, '1432911470'),
('66.249.84.190', '2015-05-30', 1, '1432945579'),
('39.254.117.222', '2015-05-30', 1, '1432991226'),
('66.249.84.178', '2015-05-31', 1, '1433037242'),
('120.176.92.190', '2015-06-01', 3, '1433128955'),
('66.102.6.210', '2015-06-01', 1, '1433134430'),
('120.164.44.28', '2015-06-01', 13, '1433149419'),
('124.195.118.227', '2015-06-01', 1, '1433170960'),
('120.177.28.244', '2015-06-02', 8, '1433220043'),
('66.249.84.190', '2015-06-02', 1, '1433247837'),
('120.190.75.179', '2015-06-03', 7, '1433302768'),
('119.110.72.130', '2015-06-03', 4, '1433302761'),
('89.145.95.2', '2015-06-03', 1, '1433302690'),
('66.249.71.147', '2015-06-07', 46, '1433696370'),
('66.249.71.130', '2015-06-07', 30, '1433696150'),
('66.249.71.164', '2015-06-07', 37, '1433696154'),
('173.252.74.113', '2015-06-07', 8, '1433694061'),
('173.252.74.117', '2015-06-07', 3, '1433676319'),
('66.249.64.57', '2015-06-07', 1, '1433674283'),
('173.252.88.89', '2015-06-07', 5, '1433677999'),
('173.252.88.86', '2015-06-07', 2, '1433677597'),
('173.252.74.119', '2015-06-07', 7, '1433694862'),
('66.249.79.117', '2015-06-07', 1, '1433674983'),
('173.252.88.84', '2015-06-07', 2, '1433676738'),
('173.252.74.115', '2015-06-07', 3, '1433676460'),
('173.252.74.114', '2015-06-07', 2, '1433694204'),
('173.252.74.118', '2015-06-07', 3, '1433676180'),
('173.252.74.112', '2015-06-07', 5, '1433695314'),
('173.252.88.85', '2015-06-07', 2, '1433677804'),
('173.252.88.90', '2015-06-07', 1, '1433676251'),
('173.252.74.116', '2015-06-07', 5, '1433695249'),
('173.252.88.87', '2015-06-07', 2, '1433677488'),
('173.252.88.88', '2015-06-07', 1, '1433677370'),
('66.249.79.130', '2015-06-07', 1, '1433694848'),
('66.220.156.116', '2015-06-07', 2, '1433696197'),
('66.249.67.104', '2015-06-07', 1, '1433696147'),
('66.220.156.112', '2015-06-07', 2, '1433696173'),
('66.220.146.22', '2015-06-07', 1, '1433696162'),
('66.249.67.117', '2015-06-07', 1, '1433696288'),
('66.220.156.114', '2015-06-07', 1, '1433696309'),
('66.220.156.117', '2015-06-08', 3, '1433711204'),
('66.249.71.164', '2015-06-08', 32, '1433779112'),
('66.220.146.25', '2015-06-08', 2, '1433736854'),
('66.220.156.116', '2015-06-08', 2, '1433709422'),
('66.249.71.147', '2015-06-08', 29, '1433748751'),
('66.220.156.112', '2015-06-08', 4, '1433715007'),
('66.220.146.20', '2015-06-08', 1, '1433696744'),
('66.249.71.130', '2015-06-08', 38, '1433777391'),
('66.220.156.118', '2015-06-08', 2, '1433712628'),
('66.220.146.27', '2015-06-08', 1, '1433712556'),
('66.220.146.26', '2015-06-08', 1, '1433712746'),
('66.249.67.104', '2015-06-08', 4, '1433746797'),
('66.220.146.22', '2015-06-08', 1, '1433714244'),
('66.220.156.115', '2015-06-08', 2, '1433714821'),
('66.249.67.117', '2015-06-08', 2, '1433780504'),
('120.176.251.49', '2015-06-08', 2, '1433737104'),
('66.220.156.119', '2015-06-08', 1, '1433737457'),
('66.249.71.147', '2015-06-09', 3, '1433836081'),
('66.249.71.130', '2015-06-09', 4, '1433835126'),
('66.249.67.104', '2015-06-09', 1, '1433788622'),
('66.249.71.164', '2015-06-09', 1, '1433823064'),
('66.249.71.130', '2015-06-10', 5, '1433953790'),
('66.249.67.117', '2015-06-10', 1, '1433911605'),
('66.249.71.164', '2015-06-10', 3, '1433954890'),
('66.249.71.147', '2015-06-10', 2, '1433953573'),
('66.249.71.147', '2015-06-11', 1, '1433957808'),
('66.249.71.164', '2015-06-11', 2, '1433990805'),
('68.180.228.104', '2015-06-11', 1, '1433975257'),
('66.249.71.130', '2015-06-11', 1, '1433991891'),
('36.68.28.19', '2015-06-14', 5, '1434224041'),
('120.164.46.127', '2015-06-14', 2, '1434239557'),
('66.249.67.248', '2015-06-15', 1, '1434362861'),
('104.193.10.50', '2015-06-15', 3, '1434372762'),
('104.193.10.50', '2015-06-16', 2, '1434454308'),
('36.80.234.114', '2015-06-16', 4, '1434443273'),
('173.252.74.115', '2015-06-16', 1, '1434443264'),
('173.252.74.114', '2015-06-16', 1, '1434443279'),
('119.110.72.130', '2015-06-16', 1, '1434467216'),
('124.195.116.71', '2015-06-17', 3, '1434551738'),
('120.184.130.21', '2015-06-27', 1, '1435386862'),
('66.249.84.246', '2015-06-27', 1, '1435387150'),
('120.176.176.106', '2015-06-28', 7, '1435461088'),
('66.220.158.114', '2015-06-28', 1, '1435461007'),
('66.249.84.129', '2015-06-28', 1, '1435466083'),
('66.249.84.246', '2015-06-29', 2, '1435563211'),
('66.249.84.252', '2015-06-29', 1, '1435563206'),
('66.249.84.246', '2015-06-30', 3, '1435677685'),
('66.249.84.252', '2015-06-30', 1, '1435645799'),
('66.249.84.252', '2015-07-01', 1, '1435710707'),
('66.249.84.129', '2015-07-01', 1, '1435711780'),
('120.177.18.200', '2015-07-02', 1, '1435824891'),
('::1', '2015-11-25', 15, '1448407930'),
('::1', '2015-12-01', 12, '1448944568'),
('::1', '2015-12-03', 9, '1449138520'),
('::1', '2015-12-05', 26, '1449279360'),
('::1', '2015-12-07', 4, '1449442678'),
('::1', '2015-12-08', 8, '1449532582'),
('::1', '2015-12-13', 31, '1449974628'),
('::1', '2015-12-18', 9, '1450418535'),
('::1', '2015-12-21', 10, '1450654644'),
('::1', '2015-12-24', 3, '1450917714'),
('::1', '2015-12-25', 4, '1451037761'),
('::1', '2015-12-26', 5, '1451086546'),
('::1', '2016-01-01', 1, '1451626224'),
('::1', '2016-01-12', 2, '1452564572'),
('::1', '2016-01-16', 7, '1452913899'),
('::1', '2016-01-17', 150, '1453036730'),
('::1', '2016-07-24', 24, '1469318037'),
('::1', '2016-07-29', 1, '1469767572'),
('::1', '2016-07-31', 1, '1469936872'),
('::1', '2016-08-01', 14, '1470019073'),
('::1', '2016-08-12', 4, '1470940786'),
('::1', '2016-08-14', 3, '1471191885'),
('::1', '2016-08-22', 5, '1471851644'),
('::1', '2016-08-26', 4, '1472207940'),
('::1', '2016-08-29', 9, '1472475500'),
('::1', '2016-08-30', 1, '1472531831'),
('::1', '2016-09-13', 4, '1473760584'),
('::1', '2016-09-16', 7, '1473998550'),
('::1', '2016-09-17', 3, '1474076080'),
('::1', '2016-09-20', 4, '1474335445'),
('::1', '2016-09-21', 5, '1474470987'),
('::1', '2016-09-26', 8, '1474866854'),
('::1', '2016-11-21', 20, '1479719811'),
('::1', '2016-11-22', 26, '1479795839'),
('::1', '2016-12-24', 1, '1482592503'),
('::1', '2016-12-23', 2, '1482451494'),
('::1', '2016-12-20', 7, '1482205377'),
('::1', '2016-12-14', 4, '1481717872'),
('::1', '2016-12-13', 24, '1481593512'),
('::1', '2016-12-09', 1, '1481243159'),
('::1', '2016-12-03', 3, '1480741491'),
('::1', '2016-11-28', 32, '1480303392'),
('::1', '2016-11-27', 2, '1480224412'),
('::1', '2016-11-24', 403, '1479984680'),
('::1', '2016-11-23', 2, '1479913316'),
('::1', '2017-01-03', 9, '1483421812'),
('::1', '2017-01-04', 2, '1483534977'),
('::1', '2017-01-05', 3, '1483627230'),
('::1', '2017-01-14', 1, '1484352852'),
('::1', '2017-01-17', 3, '1484663823'),
('::1', '2017-01-25', 12, '1485359750'),
('::1', '2017-01-26', 37, '1485414680'),
('::1', '2017-01-27', 70, '1485508785'),
('::1', '2017-01-28', 1, '1485567010'),
('::1', '2017-02-04', 1, '1486213804'),
('::1', '2017-02-09', 14, '1486659480'),
('::1', '2017-02-10', 3, '1486684650'),
('::1', '2017-02-11', 11, '1486773431'),
('::1', '2017-02-12', 6, '1486869838'),
('::1', '2017-02-13', 5, '1486995163'),
('::1', '2017-02-15', 3, '1487123924'),
('::1', '2017-02-21', 1, '1487659967'),
('::1', '2017-02-23', 7, '1487832476'),
('::1', '2017-02-26', 4, '1488064851'),
('::1', '2017-03-13', 44, '1489366890'),
('::1', '2017-03-17', 24, '1489744337'),
('::1', '2017-03-20', 1, '1489988038'),
('::1', '2017-03-25', 1, '1490413626'),
('::1', '2017-03-29', 7, '1490744633'),
('::1', '2017-04-02', 1, '1491122695'),
('::1', '2017-04-06', 56, '1491462329'),
('::1', '2017-04-07', 59, '1491524075'),
('::1', '2017-04-09', 20, '1491711058'),
('::1', '2017-04-11', 9, '1491877995'),
('::1', '2017-04-12', 124, '1492006218'),
('::1', '2017-04-13', 53, '1492088580'),
('::1', '2017-05-14', 133, '1494767093'),
('::1', '2017-05-20', 167, '1495299592'),
('::1', '2017-05-21', 234, '1495359950'),
('::1', '2017-05-29', 1, '1496031966'),
('::1', '2017-08-04', 2, '1501862778'),
('::1', '2017-08-05', 3, '1501890677'),
('::1', '2017-09-13', 5, '1505272460'),
('::1', '2017-09-22', 5, '1506065936'),
('::1', '2017-09-24', 6, '1506263121'),
('::1', '2017-09-27', 1, '1506491577'),
('::1', '2017-09-28', 20, '1506614988'),
('::1', '2017-09-29', 308, '1506696202'),
('::1', '2017-09-30', 495, '1506783608'),
('::1', '2017-10-01', 77, '1506868529'),
('::1', '2017-10-02', 353, '1506962237'),
('::1', '2017-10-03', 16, '1507035971'),
('::1', '2017-10-04', 159, '1507123395'),
('::1', '2017-10-05', 38, '1507218119'),
('::1', '2017-10-06', 68, '1507275289'),
('::1', '2017-10-07', 1, '1507361033'),
('::1', '2017-10-08', 1, '1507413903'),
('::1', '2017-10-11', 4, '1507704206'),
('::1', '2017-10-31', 8, '1509435169'),
('::1', '2017-11-11', 1, '1510417532'),
('::1', '2017-11-12', 45, '1510481123'),
('::1', '2017-11-13', 38, '1510568837'),
('::1', '2018-08-25', 30, '1535191969'),
('::1', '2018-08-26', 2, '1535246562'),
('::1', '2018-08-27', 7, '1535378738'),
('::1', '2018-08-30', 1, '1535576820'),
('::1', '2018-08-31', 9, '1535732014'),
('110.138.150.110', '2018-12-03', 2, '1543855812'),
('110.138.150.110', '2018-12-04', 11, '1543857572'),
('115.178.251.153', '2018-12-08', 1, '1544231764'),
('141.8.142.101', '2018-12-13', 1, '1544651736'),
('::1', '2018-12-15', 3, '1544864222'),
('::1', '2019-11-08', 87, '1573232172'),
('::1', '2019-11-09', 54, '1573240236'),
('::1', '2020-06-25', 100, '1593076792'),
('::1', '2020-09-03', 3, '1599070416'),
('::1', '2020-09-21', 2, '1600682065'),
('::1', '2020-10-04', 12, '1601778504'),
('::1', '2022-04-16', 35, '1650103275'),
('::1', '2022-04-17', 42, '1650208490'),
('::1', '2022-04-18', 36, '1650264082'),
('182.1.189.141', '2022-04-18', 5, '1650263661'),
('::1', '2022-04-19', 100, '1650358756'),
('182.1.206.71', '2022-04-19', 11, '1650335457'),
('182.1.205.71', '2022-04-19', 8, '1650339913'),
('128.199.88.64', '2022-04-19', 2, '1650359790'),
('182.1.205.83', '2022-04-19', 11, '1650359574'),
('162.158.162.117', '2022-04-19', 2, '1650360218'),
('162.158.162.51', '2022-04-19', 7, '1650373371'),
('162.158.163.186', '2022-04-19', 4, '1650373871'),
('162.158.163.216', '2022-04-19', 5, '1650376266'),
('162.158.162.205', '2022-04-19', 3, '1650362308'),
('162.158.163.2', '2022-04-19', 1, '1650363007'),
('162.158.163.194', '2022-04-19', 1, '1650366246'),
('162.158.162.171', '2022-04-20', 2, '1650427533'),
('162.158.162.117', '2022-04-20', 1, '1650427156'),
('162.158.163.2', '2022-04-20', 1, '1650427222'),
('162.158.162.51', '2022-04-20', 5, '1650427448'),
('162.158.163.216', '2022-04-21', 3, '1650513751'),
('::1', '2022-04-21', 6, '1650513651'),
('162.158.163.222', '2022-04-21', 1, '1650513655'),
('162.158.163.186', '2022-04-21', 2, '1650543177'),
('162.158.163.2', '2022-04-21', 2, '1650514065'),
('162.158.162.51', '2022-04-21', 1, '1650538269'),
('162.158.162.117', '2022-04-22', 1, '1650611009'),
('162.158.163.186', '2022-04-22', 1, '1650611029'),
('162.158.163.2', '2022-04-22', 4, '1650611308'),
('162.158.163.216', '2022-04-22', 1, '1650611348'),
('::1', '2022-04-23', 1, '1650683341'),
('162.158.163.224', '2022-04-23', 1, '1650683510'),
('162.158.163.2', '2022-04-23', 1, '1650683728');

-- --------------------------------------------------------

--
-- Table structure for table `tag`
--

CREATE TABLE `tag` (
  `id_tag` int(5) NOT NULL,
  `nama_tag` varchar(100) COLLATE latin1_general_ci NOT NULL,
  `username` varchar(50) COLLATE latin1_general_ci NOT NULL,
  `tag_seo` varchar(100) COLLATE latin1_general_ci NOT NULL,
  `count` int(5) NOT NULL
) ENGINE=MyISAM DEFAULT CHARSET=latin1 COLLATE=latin1_general_ci;

--
-- Dumping data for table `tag`
--

INSERT INTO `tag` (`id_tag`, `nama_tag`, `username`, `tag_seo`, `count`) VALUES
(22, 'Hiburan', '', 'hiburan', 19),
(28, 'Teknologi', '', 'teknologi', 12),
(27, 'Metropolitan', '', 'metropolitan', 32),
(26, 'Nasional', '', 'nasional', 42),
(25, 'Kesehatan', '', 'kesehatan', 16),
(24, 'Olahraga', '', 'olahraga', 11),
(34, 'Wisata', '', 'wisata', 4),
(36, 'Hukum', '', 'hukum', 16),
(37, 'Film', '', 'film', 25),
(40, 'Internasional', '', 'internasional', 28),
(41, 'Bola', '', 'bola', 21),
(43, 'Selebritis', '', 'selebritis', 9),
(49, 'Palestina', 'admin', 'palestina', 6),
(55, 'Asian Games', 'admin', 'asian-games', 0),
(56, 'berita guru', 'admin', 'berita-guru', 0);

-- --------------------------------------------------------

--
-- Table structure for table `tagvid`
--

CREATE TABLE `tagvid` (
  `id_tag` int(5) NOT NULL,
  `nama_tag` varchar(100) COLLATE latin1_general_ci NOT NULL,
  `username` varchar(50) COLLATE latin1_general_ci NOT NULL,
  `tag_seo` varchar(100) COLLATE latin1_general_ci NOT NULL,
  `count` int(5) NOT NULL
) ENGINE=MyISAM DEFAULT CHARSET=latin1 COLLATE=latin1_general_ci;

--
-- Dumping data for table `tagvid`
--

INSERT INTO `tagvid` (`id_tag`, `nama_tag`, `username`, `tag_seo`, `count`) VALUES
(34, 'perang', 'admin', 'perang', 2),
(35, 'Teknologi', 'admin', 'teknologi', 0),
(36, 'Nasional', 'admin', 'nasional', 1);

-- --------------------------------------------------------

--
-- Table structure for table `tbl_comment`
--

CREATE TABLE `tbl_comment` (
  `id_komentar` int(5) NOT NULL,
  `reply` int(5) NOT NULL,
  `nama_lengkap` varchar(150) NOT NULL,
  `alamat_email` varchar(150) NOT NULL,
  `isi_pesan` text NOT NULL,
  `tanggal_komentar` date NOT NULL,
  `jam_komentar` time NOT NULL
) ENGINE=MyISAM DEFAULT CHARSET=latin1;

--
-- Dumping data for table `tbl_comment`
--

INSERT INTO `tbl_comment` (`id_komentar`, `reply`, `nama_lengkap`, `alamat_email`, `isi_pesan`, `tanggal_komentar`, `jam_komentar`) VALUES
(1, 0, 'Admin Lokomedia', 'dankrez48@gmail.com', 'Perubahan UUD 1945 yang membawa perubahan mendasar mengenai penyelengaraan kekuasaan kehakiman, membuat perlunya dilakukan perubahan secara komprehensif mengenai Undang-Undang Ketentuan-ketentuan Pokok Kekuasaan Kehakiman.								', '2014-11-19', '00:00:00'),
(2, 1, 'si anu', 'anu@gmail.com', 'Video bocah melakukan hubungan intim layaknya suami istri membuat geger. Guna mencegah hal-hal yang tidak diinginkan, polisi pun sudah melakukan penelusuran siapa orang di balik pembuatan video cabul tersebut.', '2014-11-19', '00:00:00'),
(3, 0, 'Rio Saputra', 'rio.saputra@gmail.com', 'Video bocah melakukan hubungan intim layaknya suami istri membuat geger. Guna mencegah hal-hal yang tidak diinginkan, polisi pun sudah melakukan penelusuran siapa orang di balik pembuatan video cabul tersebut. Perubahan UUD 1945 yang membawa perubahan mendasar mengenai penyelengaraan kekuasaan kehakiman.								', '2014-11-21', '00:00:00'),
(4, 1, 'Anggun Pratiwi', 'angun@gmail.com', 'itu benar bro, kalau ndak pacayo tanyo lah ka baruak.Video bocah melakukan hubungan intim layaknya suami istri membuat geger. Guna mencegah hal-hal yang tidak diinginkan, polisi pun sudah melakukan penelusuran siapa orang di balik pembuatan video cabul tersebut.', '2014-11-21', '00:00:00'),
(5, 3, 'Dewi Safitri', 'dewi.safitri@gmail.com', 'Oii, ang kareh bana mah, den ambuang ang ka lauik beko,.. Video bocah melakukan hubungan intim layaknya suami istri membuat geger. Guna mencegah hal-hal yang tidak diinginkan, polisi pun sudah melakukan penelusuran siapa orang di balik pembuatan video cabul tersebut.', '2014-11-21', '00:00:00'),
(6, 0, 'Ahmad Hunaldi', 'ahmad@gmail.com', 'badan-badan peradilan penyelenggara kekuasaan kehakiman, asas-asas penyelengaraan kekuasaan kehakiman Video bocah melakukan hubungan intim layaknya suami istri membuat geger. Guna mencegah hal-hal yang tidak diinginkan, polisi pun sudah melakukan penelusuran siapa orang di balik pembuatan video cabul tersebut.								', '2014-11-21', '00:00:00'),
(7, 6, 'Prasmana Enru', 'prasmana@gmail.com', 'Undang-Undang Ketentuan-ketentuan Pokok Kekuasaan	Video bocah melakukan hubungan intim layaknya suami istri membuat geger. Guna mencegah hal-hal yang tidak diinginkan, polisi pun sudah melakukan penelusuran siapa orang di balik pembuatan video cabul tersebut.', '2014-11-21', '00:00:00'),
(9, 3, 'Admin Lokomedia', 'dankrez48@gmail.com', 'Untuk itulah penulis memberikan solusi menggunakan program Dreamweaver,.. Video bocah melakukan hubungan intim layaknya suami istri membuat geger. Guna mencegah hal-hal yang tidak diinginkan, polisi pun sudah melakukan penelusuran siapa orang di balik pembuatan video cabul tersebut.', '2015-01-22', '00:00:00'),
(14, 0, 'Udin Sedunia', 'udin.sedubia@gmail.com', 'Perlahan tapi pasti, sosok TM yang merupakan artis dan berprofesi sebagai Pekerja Seks Komersial (PSK) akhirnya mulai terungkap Video bocah melakukan hubungan intim layaknya suami istri membuat geger. Guna mencegah hal-hal yang tidak diinginkan, polisi pun sudah melakukan penelusuran siapa orang di balik pembuatan video cabul tersebut.', '2015-05-29', '00:54:31'),
(15, 6, 'Admin Lokomedia', 'dankrez48@gmail.com', 'Perlahan tapi pasti, sosok TM yang merupakan artis dan berprofesi sebagai Pekerja Seks Komersial (PSK) akhirnya mulai terungkap Video bocah melakukan hubungan intim layaknya suami istri membuat geger. Guna mencegah hal-hal yang tidak diinginkan, polisi pun sudah melakukan penelusuran siapa orang di balik pembuatan video cabul tersebut.', '2015-05-29', '00:59:50'),
(17, 3, 'hari ke 2', 'hay.smart,solusindo@gmail.com', 'Tesssss', '2015-05-29', '05:41:12'),
(19, 14, 'Admin Lokomedia', 'dankrez48@gmail.com', 'Testing untuk Berikan jawaban,....', '2015-06-01', '15:44:10'),
(20, 0, 'Dewiit Safitri', 'dewiit.safitri@gmail.com', 'I absolutely love image or text sliders written using pure css code. Likewise, i always hated slow loading sliders using jquery or javascript to use in my wordpress themes or html websites. I have compiled some cool css sliders from codepen/github for use in your website or in themes, many are responsive too. A word of advise: Please make sure to test all sliders in Safari, Chrome and FF before deployment.', '2017-01-24', '16:27:59'),
(23, 20, 'Admin Lokomedia', 'dankrez48@gmail.com', 'I spent almost a day searching for this. And found &#039;CSS3 Thumbnail Slider&#039; on this site. Thanks a lot. If the slideIndex is higher than the number of elements (x.length), the slideIndex is set to zero.', '2017-01-24', '16:31:47'),
(24, 14, 'Admin Lokomedia', 'dankrez48@gmail.com', 'Guna mencegah hal-hal yang tidak diinginkan, polisi pun sudah melakukan penelusuran siapa orang di balik pembuatan video cabul tersebut', '2017-04-09', '11:07:23'),
(25, 0, 'BangToyyib', 'toyyib@gmail.com', 'saya ingin bertanya, berapa 1 + 1?', '2017-10-06', '08:19:33'),
(26, 25, 'Admin Lokomedia', 'admin@lokomedia.web.id', '1+1 adalah 2', '2017-10-06', '08:26:20');

-- --------------------------------------------------------

--
-- Table structure for table `templates`
--

CREATE TABLE `templates` (
  `id_templates` int(5) NOT NULL,
  `judul` varchar(100) COLLATE latin1_general_ci NOT NULL,
  `username` varchar(50) COLLATE latin1_general_ci NOT NULL,
  `pembuat` varchar(50) COLLATE latin1_general_ci NOT NULL,
  `folder` varchar(50) COLLATE latin1_general_ci NOT NULL,
  `aktif` enum('Y','N') COLLATE latin1_general_ci NOT NULL DEFAULT 'N'
) ENGINE=MyISAM DEFAULT CHARSET=latin1 COLLATE=latin1_general_ci;

--
-- Dumping data for table `templates`
--

INSERT INTO `templates` (`id_templates`, `judul`, `username`, `pembuat`, `folder`, `aktif`) VALUES
(17, 'loko-tiga - Swarakalibata Template', 'admin', 'Admin', 'loko-tiga', 'N'),
(22, 'loko-dua - Swarakalibata Template', 'admin', 'Admin', 'loko-dua', 'N'),
(24, 'simple news', 'admin', 'wildan', 'simple-news', 'N'),
(25, 'easy news', 'admin', 'wildan', 'easy-news', 'N'),
(26, 'NewsMag', 'admin', 'admin lokomedia', 'newsmag', 'N'),
(27, 'Company-1', 'admin', 'Admin Lokomedia', 'company-satu', 'Y');

-- --------------------------------------------------------

--
-- Table structure for table `users`
--

CREATE TABLE `users` (
  `username` varchar(50) CHARACTER SET latin1 COLLATE latin1_general_ci NOT NULL,
  `password` varchar(255) CHARACTER SET latin1 COLLATE latin1_general_ci NOT NULL,
  `nama_lengkap` varchar(100) CHARACTER SET latin1 COLLATE latin1_general_ci NOT NULL,
  `email` varchar(100) CHARACTER SET latin1 COLLATE latin1_general_ci NOT NULL,
  `no_telp` varchar(20) CHARACTER SET latin1 COLLATE latin1_general_ci NOT NULL,
  `foto` varchar(100) CHARACTER SET latin1 COLLATE latin1_general_ci NOT NULL,
  `level` varchar(20) CHARACTER SET latin1 COLLATE latin1_general_ci NOT NULL DEFAULT 'user',
  `blokir` enum('Y','N') CHARACTER SET latin1 COLLATE latin1_general_ci NOT NULL DEFAULT 'N',
  `id_session` varchar(255) NOT NULL
) ENGINE=MyISAM DEFAULT CHARSET=latin1;

--
-- Dumping data for table `users`
--

INSERT INTO `users` (`username`, `password`, `nama_lengkap`, `email`, `no_telp`, `foto`, `level`, `blokir`, `id_session`) VALUES
('admin', '$2y$10$FCPgaQaFZoP8TqoJudKzS.6nmvwWz8U4vDy./Sjrfji5A.YaiAdcC', 'Tim IT Pgri Luwu Utara', 'admin@pgri-luwuutara.or.id', '082283919347', 'lokomedia.png', 'admin', 'N', 'q173s8hs1jl04st35169ccl8o7'),
('robin', '$2y$10$fUHfyuEO1KZhU/215GOOHOiDL26.Xt7YTFalpFE0BcW1mplvgad7S', 'Robin amrullah', 'robin@pendidik.org', '081342379812', '', 'admin', 'N', '8ee60a2e00c90d7e00d5069188dc115b-20220423101255'),
('agusman', '$2y$10$0r/KRZjSzjId33A76lBUY.7TvfUoiKGEnPVRxJzDVrAq3UiLEo3dS', 'Agusman', 'agusman@pgri-luwuutara.or.id', '08222222222', '', 'kontributor', 'N', 'd4a2d27624e5c29c5c62b30cbfe087c4-20220423101453');

-- --------------------------------------------------------

--
-- Table structure for table `users_modul`
--

CREATE TABLE `users_modul` (
  `id_umod` int(11) NOT NULL,
  `id_session` varchar(255) NOT NULL,
  `id_modul` int(11) NOT NULL
) ENGINE=MyISAM DEFAULT CHARSET=latin1;

--
-- Dumping data for table `users_modul`
--

INSERT INTO `users_modul` (`id_umod`, `id_session`, `id_modul`) VALUES
(1, 'ed1d859c50262701d92e5cbf39652792-20170120090507', 70),
(2, 'ed1d859c50262701d92e5cbf39652792-20170120090507', 65),
(3, 'ed1d859c50262701d92e5cbf39652792-20170120090507', 63),
(4, 'f76ad5ee772ac196cbc09824e24859ee', 70),
(5, 'f76ad5ee772ac196cbc09824e24859ee', 65),
(6, 'f76ad5ee772ac196cbc09824e24859ee', 63),
(7, 'ed1d859c50262701d92e5cbf39652792-20170120090507', 18),
(8, 'ed1d859c50262701d92e5cbf39652792-20170120090507', 66),
(9, 'ed1d859c50262701d92e5cbf39652792-20170120090507', 33),
(10, '3460d81e02faa3559f9e02c9a766fcbd-20170124215625', 18),
(11, 'ed1d859c50262701d92e5cbf39652792-20170120090507', 41),
(12, '6bec9c852847242e384a4d5ac0962ba0-20170406140423', 18),
(13, 'fa7688658d8b38aae731826ea1daebb5-20170521103501', 18),
(14, 'q173s8hs1jl04st35169ccl8o7', 70),
(15, 'q173s8hs1jl04st35169ccl8o7', 66),
(16, 'q173s8hs1jl04st35169ccl8o7', 65),
(17, 'q173s8hs1jl04st35169ccl8o7', 64),
(18, 'q173s8hs1jl04st35169ccl8o7', 63),
(19, 'q173s8hs1jl04st35169ccl8o7', 62),
(20, 'q173s8hs1jl04st35169ccl8o7', 61),
(21, 'q173s8hs1jl04st35169ccl8o7', 59),
(22, 'q173s8hs1jl04st35169ccl8o7', 57),
(23, 'q173s8hs1jl04st35169ccl8o7', 46),
(24, 'q173s8hs1jl04st35169ccl8o7', 45),
(25, 'q173s8hs1jl04st35169ccl8o7', 44),
(26, 'q173s8hs1jl04st35169ccl8o7', 43),
(27, 'q173s8hs1jl04st35169ccl8o7', 41),
(28, 'q173s8hs1jl04st35169ccl8o7', 35),
(29, 'q173s8hs1jl04st35169ccl8o7', 34),
(30, 'q173s8hs1jl04st35169ccl8o7', 33),
(31, 'q173s8hs1jl04st35169ccl8o7', 31),
(32, 'q173s8hs1jl04st35169ccl8o7', 18),
(33, 'q173s8hs1jl04st35169ccl8o7', 10),
(34, 'q173s8hs1jl04st35169ccl8o7', 2),
(35, '8ee60a2e00c90d7e00d5069188dc115b-20220423101255', 70),
(36, '8ee60a2e00c90d7e00d5069188dc115b-20220423101255', 66),
(37, '8ee60a2e00c90d7e00d5069188dc115b-20220423101255', 65),
(38, '8ee60a2e00c90d7e00d5069188dc115b-20220423101255', 64),
(39, '8ee60a2e00c90d7e00d5069188dc115b-20220423101255', 63),
(40, '8ee60a2e00c90d7e00d5069188dc115b-20220423101255', 62),
(41, '8ee60a2e00c90d7e00d5069188dc115b-20220423101255', 61),
(42, '8ee60a2e00c90d7e00d5069188dc115b-20220423101255', 59),
(43, '8ee60a2e00c90d7e00d5069188dc115b-20220423101255', 57),
(44, '8ee60a2e00c90d7e00d5069188dc115b-20220423101255', 46),
(45, '8ee60a2e00c90d7e00d5069188dc115b-20220423101255', 45),
(46, '8ee60a2e00c90d7e00d5069188dc115b-20220423101255', 44),
(47, '8ee60a2e00c90d7e00d5069188dc115b-20220423101255', 43),
(48, '8ee60a2e00c90d7e00d5069188dc115b-20220423101255', 41),
(49, '8ee60a2e00c90d7e00d5069188dc115b-20220423101255', 35),
(50, '8ee60a2e00c90d7e00d5069188dc115b-20220423101255', 34),
(51, '8ee60a2e00c90d7e00d5069188dc115b-20220423101255', 31),
(52, '8ee60a2e00c90d7e00d5069188dc115b-20220423101255', 18),
(53, '8ee60a2e00c90d7e00d5069188dc115b-20220423101255', 10),
(54, '8ee60a2e00c90d7e00d5069188dc115b-20220423101255', 2),
(55, 'd4a2d27624e5c29c5c62b30cbfe087c4-20220423101453', 44),
(56, 'd4a2d27624e5c29c5c62b30cbfe087c4-20220423101453', 43),
(57, 'd4a2d27624e5c29c5c62b30cbfe087c4-20220423101453', 18);

-- --------------------------------------------------------

--
-- Table structure for table `video`
--

CREATE TABLE `video` (
  `id_video` int(5) NOT NULL,
  `id_playlist` int(5) NOT NULL,
  `username` varchar(30) COLLATE latin1_general_ci NOT NULL,
  `jdl_video` varchar(100) COLLATE latin1_general_ci NOT NULL,
  `video_seo` varchar(100) COLLATE latin1_general_ci NOT NULL,
  `keterangan` text COLLATE latin1_general_ci NOT NULL,
  `gbr_video` varchar(100) COLLATE latin1_general_ci NOT NULL,
  `video` varchar(100) COLLATE latin1_general_ci NOT NULL,
  `youtube` varchar(100) COLLATE latin1_general_ci NOT NULL,
  `dilihat` int(7) NOT NULL DEFAULT '1',
  `hari` varchar(20) COLLATE latin1_general_ci NOT NULL,
  `tanggal` date NOT NULL,
  `jam` time NOT NULL,
  `tagvid` varchar(100) COLLATE latin1_general_ci NOT NULL
) ENGINE=MyISAM DEFAULT CHARSET=latin1 COLLATE=latin1_general_ci;

--
-- Dumping data for table `video`
--

INSERT INTO `video` (`id_video`, `id_playlist`, `username`, `jdl_video`, `video_seo`, `keterangan`, `gbr_video`, `video`, `youtube`, `dilihat`, `hari`, `tanggal`, `jam`, `tagvid`) VALUES
(160, 56, 'admin', 'Selamatkan Hutan di Indonesia', 'selamatkan-hutan-di-indonesia', 'Pengamat politik dari Charta Politika, Yunarto Wijaya mempertanyakan dasar keputusan SBY menunjuk Roy Suryo sebagai Menpora. Apalagi, kata Yunarto, ada pernyataan SBY yang menegaskan Roy cakap untuk mengemban tugas sebagai Menpora.\r\n\r\nMenurut Yunarto, Roy selama ini lebih dikenal sebagai pakar foto digital dan video serta dosen di sebuah perguruan tinggi negeri. \"Namun, belum terdengar kiprahnya di bidang kepemudaan dan olahraga,\" kata Yunarto. Sementara, tugas Menpora yang berat dan masa tugasnya relatif singkat idealnya mengutamakan figur yang kompetensinya teruji di bidang kepemudaan dan olahraga.\r\n\r\nKarena itu, Yunarto menduga penunjukan Roy bukan karena kompetensi, melainkan representasi politik. \"Ditunjuknya kader Partai Demokrat Roy Suryo sebagai Menpora menunjukkan faktor politisnya sangat kuat,\" katanya.', '', '', 'http://www.youtube.com/embed/hkzpLJjZQbA', 41, 'Rabu', '2014-07-02', '07:30:12', ''),
(161, 56, 'admin', 'Hutan Hujan Tropis Indonesia', 'hutan-hujan-tropis-indonesia', 'Pihak Partai Liberal Demokrat pun langsung melontarkan kecaman atas tulisan dari Ward. Juru bicara partai mengatakan bahwa pihak partainya akan menerapkan sanksi terhadap Ward.\r\n\r\nSementara pihak Partai Konservatif yang menguasai koalisi pemerintahan bersama Liberal Demokrat menyatakan Ward harus menarik komentarnya.\r\n\r\n\"Tidak seharusnya seorang anggota parlemen menulis tindakan yang memicu kekerasan. Tindakannya tidak bertanggung jawab,\" ucap pihak Konservatif.\r\n\r\nIni bukan pertama kalinya Ward mengecam tindakan Israel. Pada Juli 2013 lalu, Ward menyebut pihak Zionis diambang kekalahan dalam perang. Dirinya pun mempertanyakan sampai kapan negara apartheid seperti Israel bisa bertahan.', '', '', 'http://www.youtube.com/embed/5biK_PcT7S0', 25, 'Rabu', '2014-07-02', '07:31:23', ''),
(162, 57, 'admin', 'Perang Sengit Pasukan Darat Israel Vs Hamas', 'perang-sengit-pasukan-darat-israel-vs-hamas', 'Israel makin gencar melakukan serangan ke Gaza, baik melalui udara maupun darat. Masjid menjadi salah satu target serangan dari Negara Yahudi itu.\r\n\r\nSekira 15 warga Palestina dilaporkan tewas dan 20 lainnya dalam serangan udara Isarel ke sebuah masjid di Kota Gaza pada Sabtu 19 Juli 2014 lalu. Masjid itu terletak tidak jauh dari rumah milik Komandan Polisi Gaza.\r\n\r\nRudal-rudal dari Israel menghancurkan sebagian dari bangunan masjid. Alquran yang berada di dalam masjid pun tampak rusak akibat serangan. Demikian diberitakan Associated Press, Rabu (23/7/2014).\r\n\r\nSelain itu, serangan Israel juga diarahkan ke rumah sakit yang berada di Gaza. Blokade yang dilakukan oleh Israel makin membuat rumah sakit sulit untuk beroperasi.', '', '', 'https://www.youtube.com/watch?v=CeNjeD8yknI', 54, 'Rabu', '2014-07-23', '15:23:10', ''),
(163, 57, 'admin', 'Isael dan Palestina Memanas', 'isael-dan-palestina-memanas', 'Khamenei dikenal sebagai musuh besar Israel. Beberapa komentarnya membuat panas telinga pemimpin Israel.\r\n\r\nKomentar paling pedas Khamenei adalah Iran tidak pernah mengenal Israel. Negara ini juga secara terang-terangan mendukung Hamas. Hamas sendiri sudah dimasukan ke dalam daftar hitam terorisme oleh Israel.\r\n\r\nSelain itu, Khamenei dan beberapa pemimpin Iran berjanji akan menghilangkan Israel dari peta dunia. Bahkan, beberapa pekan lalu, Khamenei menyatakan peristiwa pembantaian warga Yahudi oleh Nazi satu abad lalu, hanyalah sebuah ilusi yang tak nyata.', '', '', 'https://www.youtube.com/watch?v=oaJpxuDh5Ds', 31, 'Rabu', '2014-07-23', '15:24:30', ''),
(164, 57, 'admin', 'Israel Tembak Mati Warga Palestina Saat Gencatan', 'israel-tembak-mati-warga-palestina-saat-gencatan', 'Seorang tentara Israel dilaporkan menghilang di Jalur Gaza. Hal ini terjadi usai terjadinya pertempuran mematikan yang terjadi di Jalur Gaza pada akhir pekan lalu.\r\n\r\nMelansir Boston Herald, Selasa (22/7/2014), pejabat pertahanan Israel mengatakan, tentaranya hilang usai pertempuran mematikan di Gaza terjadi pada pekan lalu. Namun, tidak jelas apakah tentara tersebut masih hidup atau sudah tewas.\r\n\r\nKonflik yang terjadi antara Israel dan Hamas sejauh ini sudah menyebabkan sekira 25 tentara Israel tewas dan ratusan warga Palestina. Sebagian besar korban warga Palestina adalah anak-anak.\r\n\r\nMemanasnya situasi itu membuat sejumlah desakan gencatan berdatangan dari sejumlah negara dan organisasi internasional.\r\n\r\nSebelumnya, Sekretaris Jendral Perserikatan Bangsa - Bangsa (PBB) Ban Ki-moon dan Menteri Luar Negeri Amerika Serikat (AS) John Kerry melakukan pertemuan di Kairo, Mesir. Pertemuan di bertujuan untuk mendesak agar konflik yang terjadi di Gaza segera dihentikan.', '', '', 'https://www.youtube.com/watch?v=L6R-5XUcDSY', 57, 'Rabu', '2014-07-23', '15:29:41', ''),
(165, 57, 'admin', 'Gaza conflict: Israel & Hamas face allegations of war crimes', 'gaza-conflict-israel--hamas-face-allegations-of-war-crimes', '<p>Sebelumnya, Sekretaris Jendral Perserikatan Bangsa - Bangsa (PBB) Ban Ki-moon dan Menteri Luar Negeri Amerika Serikat (AS) John Kerry melakukan pertemuan di Kairo, Mesir. Pertemuan di bertujuan untuk mendesak agar konflik yang terjadi di Gaza segera dihentikan. Mengingat agresi yang militer yang dilancarkan Israel merupakan pelanggaran hukum humaniter internasional. Menyusul banyak warga sipil yang telah menjadi korban akibat pertempuran yang dilakukan Israel dan Hamas. Sebelumnya, Sekretaris Jendral Perserikatan Bangsa - Bangsa (PBB) Ban Ki-moon dan Menteri Luar Negeri Amerika Serikat (AS) John Kerry melakukan pertemuan di Kairo, Mesir. Pertemuan di bertujuan untuk mendesak agar konflik yang terjadi di Gaza segera dihentikan. Mengingat agresi yang militer yang dilancarkan Israel merupakan pelanggaran hukum humaniter internasional. Menyusul banyak warga sipil yang telah menjadi korban akibat pertempuran yang dilakukan Israel dan Hamas.</p>\r\n', '', '', 'http://www.youtube.com/embed/aqI4DOilySg', 18, 'Minggu', '2014-08-17', '16:49:33', ''),
(166, 57, 'admin', 'Chomsky: Calling for change on US support for Israelll', 'chomsky-calling-for-change-on-us-support-for-israelll', '<p>Pemimpin tertinggi Iran, Ayatollah Ali Khamenei menyampaikan pernyataan kontroversial terkait ketegangan di Gaza. Khamenei mendorong agar Palestina terus melawan Israel. \"Salah satu cara untuk menghentikan rezim kurang ajar ini adalah melanjutkan perlawanan dan dan perjuangan bersenjata harus diperluas ke Tepi Barat,\" sebut Khamenei, seperti dikutip dari IRNA, Kamis (24/7/2014). Khamenei dikenal sebagai musuh besar Israel. Beberapa komentarnya membuat panas telinga pemimpin Israel.</p>\r\n\r\n<p>Pemimpin tertinggi Iran, Ayatollah Ali Khamenei menyampaikan pernyataan kontroversial terkait ketegangan di Gaza. Khamenei mendorong agar Palestina terus melawan Israel. Salah satu cara untuk menghentikan rezim kurang ajar ini adalah melanjutkan perlawanan dan dan perjuangan bersenjata harus diperluas ke Tepi Barat, sebut Khamenei, seperti dikutip dari IRNA, Kamis (24/7/2014). Khamenei dikenal sebagai musuh besar Israel. Beberapa komentarnya membuat panas telinga pemimpin Israel.</p>\r\n', '', '', 'http://www.youtube.com/embed/gQRJEnoxr2A', 107, 'Minggu', '2014-08-17', '16:51:04', 'perang');

--
-- Indexes for dumped tables
--

--
-- Indexes for table `agenda`
--
ALTER TABLE `agenda`
  ADD PRIMARY KEY (`id_agenda`);

--
-- Indexes for table `album`
--
ALTER TABLE `album`
  ADD PRIMARY KEY (`id_album`);

--
-- Indexes for table `background`
--
ALTER TABLE `background`
  ADD PRIMARY KEY (`id_background`);

--
-- Indexes for table `banner`
--
ALTER TABLE `banner`
  ADD PRIMARY KEY (`id_banner`);

--
-- Indexes for table `berita`
--
ALTER TABLE `berita`
  ADD PRIMARY KEY (`id_berita`);

--
-- Indexes for table `download`
--
ALTER TABLE `download`
  ADD PRIMARY KEY (`id_download`);

--
-- Indexes for table `gallery`
--
ALTER TABLE `gallery`
  ADD PRIMARY KEY (`id_gallery`);

--
-- Indexes for table `halamanstatis`
--
ALTER TABLE `halamanstatis`
  ADD PRIMARY KEY (`id_halaman`);

--
-- Indexes for table `header`
--
ALTER TABLE `header`
  ADD PRIMARY KEY (`id_header`);

--
-- Indexes for table `hubungi`
--
ALTER TABLE `hubungi`
  ADD PRIMARY KEY (`id_hubungi`);

--
-- Indexes for table `identitas`
--
ALTER TABLE `identitas`
  ADD PRIMARY KEY (`id_identitas`);

--
-- Indexes for table `iklanatas`
--
ALTER TABLE `iklanatas`
  ADD PRIMARY KEY (`id_iklanatas`);

--
-- Indexes for table `iklantengah`
--
ALTER TABLE `iklantengah`
  ADD PRIMARY KEY (`id_iklantengah`);

--
-- Indexes for table `katajelek`
--
ALTER TABLE `katajelek`
  ADD PRIMARY KEY (`id_jelek`);

--
-- Indexes for table `kategori`
--
ALTER TABLE `kategori`
  ADD PRIMARY KEY (`id_kategori`);

--
-- Indexes for table `komentar`
--
ALTER TABLE `komentar`
  ADD PRIMARY KEY (`id_komentar`);

--
-- Indexes for table `komentarvid`
--
ALTER TABLE `komentarvid`
  ADD PRIMARY KEY (`id_komentar`);

--
-- Indexes for table `link`
--
ALTER TABLE `link`
  ADD PRIMARY KEY (`id_link`);

--
-- Indexes for table `logo`
--
ALTER TABLE `logo`
  ADD PRIMARY KEY (`id_logo`);

--
-- Indexes for table `menu`
--
ALTER TABLE `menu`
  ADD PRIMARY KEY (`id_menu`);

--
-- Indexes for table `modul`
--
ALTER TABLE `modul`
  ADD PRIMARY KEY (`id_modul`);

--
-- Indexes for table `mod_alamat`
--
ALTER TABLE `mod_alamat`
  ADD PRIMARY KEY (`id_alamat`);

--
-- Indexes for table `mod_ym`
--
ALTER TABLE `mod_ym`
  ADD PRIMARY KEY (`id`);

--
-- Indexes for table `pasangiklan`
--
ALTER TABLE `pasangiklan`
  ADD PRIMARY KEY (`id_pasangiklan`);

--
-- Indexes for table `playlist`
--
ALTER TABLE `playlist`
  ADD PRIMARY KEY (`id_playlist`);

--
-- Indexes for table `poling`
--
ALTER TABLE `poling`
  ADD PRIMARY KEY (`id_poling`);

--
-- Indexes for table `sekilasinfo`
--
ALTER TABLE `sekilasinfo`
  ADD PRIMARY KEY (`id_sekilas`);

--
-- Indexes for table `tag`
--
ALTER TABLE `tag`
  ADD PRIMARY KEY (`id_tag`);

--
-- Indexes for table `tagvid`
--
ALTER TABLE `tagvid`
  ADD PRIMARY KEY (`id_tag`);

--
-- Indexes for table `tbl_comment`
--
ALTER TABLE `tbl_comment`
  ADD PRIMARY KEY (`id_komentar`);

--
-- Indexes for table `templates`
--
ALTER TABLE `templates`
  ADD PRIMARY KEY (`id_templates`);

--
-- Indexes for table `users`
--
ALTER TABLE `users`
  ADD PRIMARY KEY (`username`);

--
-- Indexes for table `users_modul`
--
ALTER TABLE `users_modul`
  ADD PRIMARY KEY (`id_umod`);

--
-- Indexes for table `video`
--
ALTER TABLE `video`
  ADD PRIMARY KEY (`id_video`);

--
-- AUTO_INCREMENT for dumped tables
--

--
-- AUTO_INCREMENT for table `agenda`
--
ALTER TABLE `agenda`
  MODIFY `id_agenda` int(5) NOT NULL AUTO_INCREMENT, AUTO_INCREMENT=70;

--
-- AUTO_INCREMENT for table `album`
--
ALTER TABLE `album`
  MODIFY `id_album` int(5) NOT NULL AUTO_INCREMENT, AUTO_INCREMENT=51;

--
-- AUTO_INCREMENT for table `background`
--
ALTER TABLE `background`
  MODIFY `id_background` int(5) NOT NULL AUTO_INCREMENT, AUTO_INCREMENT=2;

--
-- AUTO_INCREMENT for table `banner`
--
ALTER TABLE `banner`
  MODIFY `id_banner` int(5) NOT NULL AUTO_INCREMENT, AUTO_INCREMENT=25;

--
-- AUTO_INCREMENT for table `berita`
--
ALTER TABLE `berita`
  MODIFY `id_berita` int(5) NOT NULL AUTO_INCREMENT, AUTO_INCREMENT=693;

--
-- AUTO_INCREMENT for table `download`
--
ALTER TABLE `download`
  MODIFY `id_download` int(5) NOT NULL AUTO_INCREMENT, AUTO_INCREMENT=33;

--
-- AUTO_INCREMENT for table `gallery`
--
ALTER TABLE `gallery`
  MODIFY `id_gallery` int(5) NOT NULL AUTO_INCREMENT, AUTO_INCREMENT=259;

--
-- AUTO_INCREMENT for table `halamanstatis`
--
ALTER TABLE `halamanstatis`
  MODIFY `id_halaman` int(5) NOT NULL AUTO_INCREMENT, AUTO_INCREMENT=59;

--
-- AUTO_INCREMENT for table `header`
--
ALTER TABLE `header`
  MODIFY `id_header` int(5) NOT NULL AUTO_INCREMENT, AUTO_INCREMENT=34;

--
-- AUTO_INCREMENT for table `hubungi`
--
ALTER TABLE `hubungi`
  MODIFY `id_hubungi` int(5) NOT NULL AUTO_INCREMENT, AUTO_INCREMENT=41;

--
-- AUTO_INCREMENT for table `identitas`
--
ALTER TABLE `identitas`
  MODIFY `id_identitas` int(5) NOT NULL AUTO_INCREMENT, AUTO_INCREMENT=2;

--
-- AUTO_INCREMENT for table `iklanatas`
--
ALTER TABLE `iklanatas`
  MODIFY `id_iklanatas` int(5) NOT NULL AUTO_INCREMENT, AUTO_INCREMENT=40;

--
-- AUTO_INCREMENT for table `iklantengah`
--
ALTER TABLE `iklantengah`
  MODIFY `id_iklantengah` int(5) NOT NULL AUTO_INCREMENT, AUTO_INCREMENT=36;

--
-- AUTO_INCREMENT for table `katajelek`
--
ALTER TABLE `katajelek`
  MODIFY `id_jelek` int(11) NOT NULL AUTO_INCREMENT, AUTO_INCREMENT=9;

--
-- AUTO_INCREMENT for table `kategori`
--
ALTER TABLE `kategori`
  MODIFY `id_kategori` int(5) NOT NULL AUTO_INCREMENT, AUTO_INCREMENT=62;

--
-- AUTO_INCREMENT for table `komentar`
--
ALTER TABLE `komentar`
  MODIFY `id_komentar` int(5) NOT NULL AUTO_INCREMENT, AUTO_INCREMENT=164;

--
-- AUTO_INCREMENT for table `komentarvid`
--
ALTER TABLE `komentarvid`
  MODIFY `id_komentar` int(5) NOT NULL AUTO_INCREMENT, AUTO_INCREMENT=119;

--
-- AUTO_INCREMENT for table `link`
--
ALTER TABLE `link`
  MODIFY `id_link` int(5) NOT NULL AUTO_INCREMENT, AUTO_INCREMENT=6;

--
-- AUTO_INCREMENT for table `logo`
--
ALTER TABLE `logo`
  MODIFY `id_logo` int(5) NOT NULL AUTO_INCREMENT, AUTO_INCREMENT=18;

--
-- AUTO_INCREMENT for table `menu`
--
ALTER TABLE `menu`
  MODIFY `id_menu` int(5) NOT NULL AUTO_INCREMENT, AUTO_INCREMENT=150;

--
-- AUTO_INCREMENT for table `modul`
--
ALTER TABLE `modul`
  MODIFY `id_modul` int(5) NOT NULL AUTO_INCREMENT, AUTO_INCREMENT=76;

--
-- AUTO_INCREMENT for table `mod_alamat`
--
ALTER TABLE `mod_alamat`
  MODIFY `id_alamat` int(5) NOT NULL AUTO_INCREMENT, AUTO_INCREMENT=2;

--
-- AUTO_INCREMENT for table `mod_ym`
--
ALTER TABLE `mod_ym`
  MODIFY `id` int(11) NOT NULL AUTO_INCREMENT;

--
-- AUTO_INCREMENT for table `pasangiklan`
--
ALTER TABLE `pasangiklan`
  MODIFY `id_pasangiklan` int(5) NOT NULL AUTO_INCREMENT, AUTO_INCREMENT=34;

--
-- AUTO_INCREMENT for table `playlist`
--
ALTER TABLE `playlist`
  MODIFY `id_playlist` int(5) NOT NULL AUTO_INCREMENT, AUTO_INCREMENT=60;

--
-- AUTO_INCREMENT for table `poling`
--
ALTER TABLE `poling`
  MODIFY `id_poling` int(5) NOT NULL AUTO_INCREMENT, AUTO_INCREMENT=38;

--
-- AUTO_INCREMENT for table `sekilasinfo`
--
ALTER TABLE `sekilasinfo`
  MODIFY `id_sekilas` int(5) NOT NULL AUTO_INCREMENT, AUTO_INCREMENT=12;

--
-- AUTO_INCREMENT for table `tag`
--
ALTER TABLE `tag`
  MODIFY `id_tag` int(5) NOT NULL AUTO_INCREMENT, AUTO_INCREMENT=57;

--
-- AUTO_INCREMENT for table `tagvid`
--
ALTER TABLE `tagvid`
  MODIFY `id_tag` int(5) NOT NULL AUTO_INCREMENT, AUTO_INCREMENT=39;

--
-- AUTO_INCREMENT for table `tbl_comment`
--
ALTER TABLE `tbl_comment`
  MODIFY `id_komentar` int(5) NOT NULL AUTO_INCREMENT, AUTO_INCREMENT=27;

--
-- AUTO_INCREMENT for table `templates`
--
ALTER TABLE `templates`
  MODIFY `id_templates` int(5) NOT NULL AUTO_INCREMENT, AUTO_INCREMENT=28;

--
-- AUTO_INCREMENT for table `users_modul`
--
ALTER TABLE `users_modul`
  MODIFY `id_umod` int(11) NOT NULL AUTO_INCREMENT, AUTO_INCREMENT=58;

--
-- AUTO_INCREMENT for table `video`
--
ALTER TABLE `video`
  MODIFY `id_video` int(5) NOT NULL AUTO_INCREMENT, AUTO_INCREMENT=176;
COMMIT;

/*!40101 SET CHARACTER_SET_CLIENT=@OLD_CHARACTER_SET_CLIENT */;
/*!40101 SET CHARACTER_SET_RESULTS=@OLD_CHARACTER_SET_RESULTS */;
/*!40101 SET COLLATION_CONNECTION=@OLD_COLLATION_CONNECTION */;
